name,time
,
name,time
,
name,time
,"00:10,1002.3,1011.9,--,21.9,83,1.7,北,2.7,北北東,00:20,1002.2,1011.8,--,22.4,80,1.3,北,2.2,北北西,00:30,1002.1,1011.7,--,22.4,78,1.8,北北西,3.5,北,00:40,1002.2,1011.8,--,22.6,78,1.6,北,2.3,北北西,00:50,1002.0,1011.6,--,22.4,78,1.3,北北東,1.9,北北東,01:00,1002.0,1011.6,--,22.6,75,1.4,北北東,2.5,北北東,01:10,1001.9,1011.5,--,22.4,76,1.9,北北東,3.3,北東,01:20,1002.0,1011.6,--,22.0,76,1.7,北北東,2.7,北北東,01:30,1001.9,1011.5,--,22.0,75,1.8,北北東,3.2,北,01:40,1001.8,1011.4,--,21.8,77,2.0,北,3.0,北北東,01:50,1001.7,1011.3,--,21.8,77,1.7,北北東,2.5,北,02:00,1001.6,1011.2,--,21.6,79,1.8,北北東,2.8,北東,02:10,1001.7,1011.3,--,21.7,78,1.1,北北東,2.0,北北東,02:20,1001.7,1011.3,--,21.6,78,0.8,北東,1.5,北北東,02:30,1001.5,1011.1,--,21.5,79,1.6,北北東,2.6,北北東,02:40,1001.5,1011.1,--,21.4,79,1.2,北東,2.2,北東,02:50,1001.4,1011.0,--,21.3,80,1.5,北北東,2.5,北北東,03:00,1001.4,1011.0,--,21.3,81,1.2,北北東,2.3,北,03:10,1001.4,1011.0,--,21.4,81,1.0,北北東,1.7,北,03:20,1001.4,1011.0,--,21.3,81,1.0,北東,1.5,北東,03:30,1001.4,1011.0,--,21.2,82,1.2,東北東,1.8,東北東,03:40,1001.2,1010.8,--,21.3,81,2.0,北東,3.2,東北東,03:50,1001.2,1010.8,--,21.3,82,2.2,東北東,3.0,東北東,04:00,1001.1,1010.7,--,21.2,82,1.9,北東,3.2,北東,04:10,1001.1,1010.7,--,21.1,84,2.1,東北東,3.8,北東,04:20,1001.2,1010.8,--,21.1,84,2.3,北東,3.8,北東,04:30,1001.2,1010.8,--,21.2,83,2.5,東北東,4.2,東北東,04:40,1001.2,1010.8,--,21.3,83,2.3,東北東,4.0,東北東,04:50,1001.3,1010.9,--,21.3,83,1.8,北東,3.2,東,0,05:00,1001.2,1010.8,--,21.4,83,2.3,北東,3.8,北東,0,05:10,1001.2,1010.8,--,21.5,82,2.1,北東,3.7,北東,0,05:20,1001.2,1010.8,--,21.6,82,1.8,北北東,3.3,東北東,0,05:30,1001.2,1010.8,--,21.6,82,1.7,北東,2.9,北東,0,05:40,1001.2,1010.8,--,21.7,81,2.2,北東,3.8,北北東,0,05:50,1001.3,1010.9,--,21.7,81,2.1,北東,3.7,北北東,0,06:00,1001.3,1010.9,--,21.7,82,2.7,北東,4.1,北北東,0,06:10,1001.5,1011.1,--,21.8,81,2.4,北東,3.9,北東,0,06:20,1001.6,1011.2,0.0,21.9,81,1.9,北北東,3.4,北北東,0,06:30,1001.5,1011.1,--,22.0,81,2.3,北北東,4.1,北東,0,06:40,1001.5,1011.1,--,22.0,80,2.6,北東,4.5,北東,0,06:50,1001.6,1011.2,--,22.1,81,3.2,北東,4.8,北北東,0,07:00,1001.7,1011.3,--,22.1,79,2.7,北東,4.0,北東,0,07:10,1001.9,1011.5,--,22.1,80,2.3,北東,3.7,北東,0,07:20,1001.8,1011.4,--,22.0,79,2.3,北東,3.8,北北東,0,07:30,1001.8,1011.4,--,22.1,79,2.4,北北東,3.7,北北東,0,07:40,1001.8,1011.4,--,22.2,80,2.4,北北東,4.2,北北東,0,07:50,1001.7,1011.3,0.0,22.3,78,2.5,北北東,3.7,北北東,0,08:00,1001.7,1011.3,0.0,22.4,78,2.8,北東,3.9,北東,0,08:10,1001.5,1011.1,--,22.6,78,2.4,北東,3.8,北東,0,08:20,1001.5,1011.0,--,23.0,77,2.8,北北東,4.5,北東,0,08:30,1001.3,1010.8,0.0,22.9,76,2.4,北東,4.2,北東,0,08:40,1001.2,1010.7,0.0,23.1,75,2.4,北東,5.0,東北東,0,08:50,1001.3,1010.8,--,23.4,76,2.4,北東,4.5,東北東,0,09:00,1001.4,1010.9,--,23.5,73,2.1,北東,3.8,北東,0,09:10,1001.5,1011.0,--,23.5,73,2.0,北東,3.6,北東,0,09:20,1001.6,1011.1,--,23.4,74,1.0,東北東,2.1,北北東,0,09:30,1001.6,1011.1,--,23.4,74,1.1,北北東,2.2,北北東,0,09:40,1001.4,1010.9,--,23.3,74,1.7,北北西,3.0,北北東,0,09:50,1001.4,1010.9,--,23.5,74,1.8,北,3.6,北,0,10:00,1001.3,1010.8,--,23.5,73,1.9,北北西,3.4,北北西,0,10:10,1001.3,1010.8,--,24.0,71,1.4,北,3.3,北,0,10:20,1001.3,1010.8,--,24.4,71,0.9,北北東,2.6,北北東,0,10:30,1001.3,1010.8,0.0,24.4,70,1.5,北,2.9,北東,0,10:40,1001.3,1010.8,0.0,24.6,67,1.0,北,2.2,北北東,0,10:50,1001.2,1010.7,--,24.7,69,2.1,北,3.5,北北東,0,11:00,1001.3,1010.8,--,24.6,69,1.9,北,3.8,北北東,0,11:10,1001.2,1010.7,--,24.6,68,0.8,南,1.8,南,0,11:20,1001.3,1010.8,--,24.4,67,1.1,北東,2.1,北東,0,11:30,1001.2,1010.7,--,24.7,68,1.7,北北東,3.8,北北東,0,11:40,1001.0,1010.5,--,24.5,70,2.1,北,5.0,北北東,0,11:50,1000.8,1010.3,--,24.6,70,1.6,北,3.1,北北東,0,12:00,1000.6,1010.1,--,25.0,68,0.9,西南西,1.7,西南西,0,12:10,1000.5,1009.9,--,25.7,66,1.4,西北西,3.7,北,0,12:20,1000.5,1009.9,--,26.5,62,1.5,西北西,3.0,北,7,12:30,1000.4,1009.8,--,26.4,62,1.5,南,3.1,南西,7,12:40,1000.5,1009.9,--,26.3,63,1.4,南,3.4,南南西,0,12:50,1000.6,1010.0,--,26.1,65,1.9,西南西,3.3,西,0,13:00,1000.7,1010.1,--,25.7,63,2.1,西南西,4.1,西南西,0,13:10,1000.5,1009.9,--,26.2,62,2.0,南南西,3.4,南南西,0,13:20,1000.3,1009.7,--,27.4,61,1.9,南南西,3.9,西南西,5,13:30,1000.2,1009.6,--,27.8,58,2.0,西,3.9,西南西,10,13:40,1000.1,1009.5,--,27.5,57,1.5,西,4.6,西南西,10,13:50,1000.0,1009.4,--,27.8,59,2.8,西北西,5.7,西北西,5,14:00,999.9,1009.3,--,27.8,56,3.0,西,6.8,北西,10,14:10,999.9,1009.3,--,27.2,58,3.2,西,6.3,西,8,14:20,999.7,1009.1,--,27.8,56,2.8,西北西,6.8,西北西,10,14:30,999.7,1009.1,--,27.2,56,2.7,西,5.9,西北西,10,14:40,999.5,1008.9,--,26.4,59,2.3,西,5.8,西,10,14:50,999.4,1008.8,--,27.7,55,3.1,西北西,6.6,北西,10,15:00,999.2,1008.6,--,27.6,58,2.0,西北西,4.4,西南西,10,15:10,999.4,1008.8,--,27.6,56,2.0,西,4.3,西南西,10,15:20,999.4,1008.8,--,27.6,58,2.1,西,4.8,北西,9,15:30,999.4,1008.8,--,27.0,60,2.6,西,6.3,西北西,10,15:40,999.3,1008.7,--,26.7,61,3.0,西,6.1,西南西,10,15:50,999.3,1008.7,--,26.8,61,2.8,西,5.7,西,10,16:00,999.1,1008.5,--,26.8,61,2.6,西南西,6.0,南西,9,16:10,999.2,1008.6,--,26.9,60,2.1,西南西,4.0,西,10,16:20,999.3,1008.7,--,26.7,61,2.6,西南西,4.8,南西,4,16:30,999.3,1008.7,--,26.9,61,2.4,西南西,4.4,南西,0,16:40,999.3,1008.7,--,26.5,61,2.0,西,4.1,西,9,16:50,999.4,1008.8,--,26.9,62,2.8,西,4.8,西北西,10,17:00,999.4,1008.8,--,26.9,61,2.4,西南西,5.2,西南西,10,17:10,999.3,1008.7,--,26.4,63,2.3,西南西,4.7,西北西,10,17:20,999.4,1008.8,--,26.5,62,2.1,西北西,5.4,北東,10,17:30,999.6,1009.0,--,26.0,63,3.9,北東,6.3,北北東,0,17:40,999.7,1009.1,--,25.8,64,3.8,北北東,6.4,北北東,0,17:50,1000.0,1009.4,--,25.7,67,2.8,北北東,4.6,北北東,0,18:00,1000.2,1009.6,--,25.6,66,3.5,北北東,7.1,北,0,18:10,1000.4,1009.9,--,23.9,72,5.9,北,9.6,北,0,18:20,1000.6,1010.1,--,23.5,76,5.5,北北東,9.5,北北東,0,18:30,1000.7,1010.2,--,23.1,77,4.9,北,9.4,北,0,18:40,1000.8,1010.3,--,23.1,76,5.8,北北東,8.7,北,0,18:50,1000.9,1010.4,--,23.0,76,4.3,北北東,7.9,北北東,0,19:00,1000.9,1010.4,--,22.9,76,3.9,北北東,7.1,北北東,0,19:10,1000.9,1010.4,--,23.1,75,3.3,北北東,6.6,北東,0,19:20,1000.9,1010.4,--,23.1,74,2.8,北北東,4.8,北北東,19:30,1001.0,1010.5,--,22.9,76,2.6,北北東,4.6,北東,19:40,1001.0,1010.5,--,22.8,76,2.7,北東,4.7,東北東,19:50,1000.9,1010.4,--,22.7,77,2.9,北東,4.7,北東,20:00,1001.0,1010.5,--,22.6,77,2.9,北東,4.3,北東,20:10,1001.1,1010.6,--,22.6,78,2.3,北北東,4.1,北,20:20,1001.2,1010.7,--,22.6,78,2.3,北北東,4.0,北北東,20:30,1001.2,1010.7,--,22.7,78,1.9,北北東,3.6,北,20:40,1001.3,1010.8,--,22.7,77,2.7,北北東,3.8,北北東,20:50,1001.4,1010.9,--,22.7,77,2.7,北北東,4.1,北北東,21:00,1001.5,1011.0,--,22.8,76,2.9,北北東,4.3,北北西,21:10,1001.7,1011.2,--,22.8,77,3.4,北北東,4.9,北北東,21:20,1001.7,1011.3,--,22.4,78,2.7,北北東,4.1,北北東,21:30,1001.7,1011.3,--,22.3,78,3.0,北北東,4.7,北北東,21:40,1001.8,1011.4,--,22.3,78,2.6,北北東,5.0,北北東,21:50,1001.9,1011.5,--,22.3,78,2.6,北北東,4.5,北,22:00,1002.0,1011.6,--,22.2,79,2.5,北北東,4.7,北北東,22:10,1002.1,1011.7,--,22.2,77,1.8,北北東,3.6,北,22:20,1002.2,1011.8,--,22.2,77,2.9,北,4.3,北,22:30,1002.1,1011.7,--,22.1,78,2.1,北北東,3.9,北,22:40,1002.2,1011.8,--,22.1,77,1.9,北北東,3.5,北北東,22:50,1002.3,1011.9,--,22.2,77,3.1,北北東,4.8,北北東,23:00,1002.4,1012.0,--,22.2,78,2.9,北北東,4.4,北北東,23:10,1002.4,1012.0,--,22.3,77,3.5,北北東,5.9,北北東,23:20,1002.4,1012.0,--,22.2,76,3.2,北北東,4.8,北北東,23:30,1002.4,1012.0,--,22.2,76,4.0,北北東,5.7,北,23:40,1002.3,1011.9,--,22.2,76,3.0,北北東,5.0,北北東,23:50,1002.3,1011.9,--,22.2,76,3.3,北北東,5.3,北北東,24:00,1002.3,1011.9,--,22.4,75,3.4,北北東,4.9,北"
name,time
,
name,time
,
name,time
,"00:10,1004.9,1014.4,--,24.9,66,0.8,北北東,1.6,北,00:20,1005.0,1014.5,--,25.2,65,0.6,北北西,1.4,西北西,00:30,1005.0,1014.5,--,25.1,65,0.9,西北西,1.7,西北西,00:40,1004.9,1014.4,--,24.9,66,1.3,西南西,2.1,西北西,00:50,1004.7,1014.2,--,24.7,67,0.6,西南西,1.5,西,01:00,1004.7,1014.2,--,24.7,66,0.5,西,1.0,西,01:10,1004.4,1013.9,--,24.8,67,1.0,西北西,1.5,西北西,01:20,1004.3,1013.8,--,24.1,71,0.6,北北西,1.1,北西,01:30,1004.2,1013.7,--,24.2,69,0.6,北北西,1.2,北,01:40,1004.0,1013.5,--,23.9,71,0.7,北北西,1.3,北,01:50,1004.0,1013.5,--,23.8,71,0.6,北西,1.2,北,02:00,1003.9,1013.4,--,23.6,73,0.9,南,1.1,南,02:10,1003.8,1013.3,--,24.4,68,0.6,南南東,1.0,南,02:20,1003.9,1013.4,--,24.5,67,0.8,南南東,1.8,南,02:30,1003.9,1013.4,--,24.2,69,0.7,南,1.7,南,02:40,1003.9,1013.4,--,24.4,68,1.1,南,1.7,南,02:50,1003.8,1013.3,--,24.2,71,1.1,南南西,1.8,南,03:00,1003.9,1013.4,--,24.3,70,1.2,南東,1.8,南東,03:10,1003.9,1013.4,--,24.1,71,1.0,南,1.6,南西,03:20,1003.9,1013.4,--,24.1,70,0.9,南南西,1.4,南,03:30,1003.8,1013.3,--,24.2,70,1.0,南南西,1.4,南,03:40,1004.0,1013.5,--,24.4,69,1.2,南,1.6,南南西,03:50,1004.2,1013.7,--,24.6,68,1.6,南南西,2.9,南西,04:00,1004.1,1013.6,--,24.5,71,1.5,南南西,2.5,南南西,04:10,1004.2,1013.7,--,24.3,70,1.5,南,2.2,南,04:20,1004.6,1014.1,--,24.6,69,2.0,南南西,3.3,南西,04:30,1004.9,1014.4,0.0,24.5,73,1.9,南西,3.2,西南西,04:40,1005.4,1014.9,0.0,24.4,73,1.9,西南西,3.8,西,04:50,1005.5,1015.0,0.0,23.9,77,2.3,西南西,4.7,西,0,05:00,1005.6,1015.1,0.0,23.7,79,2.1,西,3.4,西南西,0,05:10,1005.7,1015.3,0.0,23.5,81,2.6,西南西,5.9,南西,0,05:20,1005.8,1015.4,0.5,22.9,83,3.6,西南西,7.4,西,0,05:30,1005.7,1015.3,0.0,22.1,81,3.2,西南西,5.9,西南西,0,05:40,1005.5,1015.1,1.5,21.9,83,2.5,西,6.6,西,0,05:50,1005.4,1015.0,0.5,21.3,82,2.6,西南西,4.5,西,0,06:00,1005.2,1014.9,0.0,20.9,84,1.3,西,3.0,西,0,06:10,1005.1,1014.7,0.0,21.1,82,0.7,西南西,1.7,北西,0,06:20,1005.2,1014.8,--,21.3,79,0.3,南,1.0,南,0,06:30,1005.0,1014.6,0.0,21.2,82,0.6,南西,1.4,南南東,0,06:40,1004.8,1014.4,0.0,21.2,88,1.1,南,1.8,南南東,0,06:50,1005.0,1014.6,--,21.1,88,1.3,南,1.7,南南西,0,07:00,1005.2,1014.8,0.0,21.5,87,1.5,南南西,2.1,南南西,0,07:10,1005.2,1014.8,0.0,21.6,84,1.7,南南西,2.7,南西,0,07:20,1005.3,1014.9,0.0,21.6,82,1.7,南,2.9,南,0,07:30,1005.2,1014.8,0.0,21.9,85,0.6,南,1.5,南南東,0,07:40,1005.2,1014.8,0.0,21.7,84,0.6,南,1.7,南,0,07:50,1005.1,1014.7,0.0,21.7,87,0.7,東,1.4,東北東,0,08:00,1004.8,1014.4,0.0,21.9,87,0.9,東,1.8,北北東,0,08:10,1004.8,1014.4,0.0,21.8,87,1.7,北東,2.7,東,0,08:20,1004.5,1014.1,0.0,22.0,89,2.3,北東,4.0,北北東,0,08:30,1004.7,1014.3,0.0,22.0,87,1.5,東北東,4.1,東,0,08:40,1004.7,1014.3,0.0,21.9,88,2.3,北東,3.9,東北東,0,08:50,1004.6,1014.2,0.0,22.0,87,1.9,北東,3.3,北東,0,09:00,1004.4,1014.0,0.0,22.1,88,2.4,北北東,4.5,北北東,0,09:10,1004.0,1013.6,0.0,22.1,86,2.4,北,5.2,北,0,09:20,1004.2,1013.8,0.0,22.1,88,3.0,北北東,5.4,北,0,09:30,1004.5,1014.1,0.0,22.2,87,2.4,北北東,4.7,北北東,0,09:40,1004.6,1014.2,1.0,22.3,88,2.1,北北東,3.9,北北東,0,09:50,1003.5,1013.1,0.0,22.2,89,3.0,北,6.1,北,0,10:00,1004.2,1013.8,0.0,22.4,87,3.4,北,5.7,北北東,0,10:10,1003.7,1013.3,0.0,22.6,87,3.6,北,6.1,北,0,10:20,1003.7,1013.3,0.0,22.7,87,4.2,北北東,6.2,北北東,0,10:30,1003.8,1013.4,0.0,22.0,87,3.0,北北東,5.9,北,0,10:40,1003.9,1013.5,0.0,22.0,90,1.8,東北東,3.3,北北東,0,10:50,1003.9,1013.5,0.5,21.9,89,1.2,北東,2.8,北北東,0,11:00,1003.9,1013.5,0.0,21.9,89,1.9,北東,3.2,北東,0,11:10,1003.8,1013.4,0.0,22.1,90,3.0,北北東,4.9,北北東,0,11:20,1003.7,1013.3,1.0,21.5,89,1.5,北,4.3,北北東,0,11:30,1003.6,1013.2,0.5,21.4,88,3.3,北北東,4.8,北北東,0,11:40,1003.6,1013.2,0.0,21.7,85,2.8,北北東,4.2,北北東,0,11:50,1003.7,1013.3,0.0,21.3,89,1.9,北北東,3.0,北北東,0,12:00,1003.5,1013.1,1.0,21.0,90,2.2,北北東,4.0,北北西,0,12:10,1003.5,1013.1,3.0,20.6,92,2.3,北,4.0,北,0,12:20,1002.9,1012.5,2.5,20.6,95,3.1,北北東,5.8,北東,0,12:30,1002.7,1012.3,0.5,20.4,94,3.4,北北東,5.8,北,0,12:40,1002.2,1011.8,0.5,20.8,95,3.7,北北東,6.1,北東,0,12:50,1002.2,1011.8,0.5,20.3,94,3.6,北北東,6.0,北東,0,13:00,1002.4,1012.0,0.0,20.3,94,2.3,北北東,4.6,北北東,0,13:10,1002.4,1012.0,1.5,20.5,94,3.1,北,5.1,北,0,13:20,1002.2,1011.8,1.0,20.3,94,2.2,北北東,4.6,北北東,0,13:30,1002.1,1011.7,0.0,20.2,95,2.9,北東,5.0,北北東,0,13:40,1001.8,1011.4,0.5,20.5,95,2.5,北北東,4.7,北東,0,13:50,1001.3,1010.9,--,21.0,95,3.0,北東,4.7,北東,0,14:00,1001.3,1010.9,0.0,21.4,94,2.6,北北東,4.1,北東,0,14:10,1001.2,1010.8,0.0,21.8,94,1.7,北東,3.4,北北東,0,14:20,1001.0,1010.6,0.0,21.8,94,2.0,北東,3.4,北北東,0,14:30,1000.9,1010.5,0.0,22.3,93,2.8,北北東,4.3,北北東,0,14:40,1000.7,1010.3,--,22.3,91,2.3,北北東,3.8,北東,0,14:50,1000.5,1010.0,--,22.4,91,1.5,北北東,3.3,北北東,0,15:00,1000.5,1010.0,--,22.6,89,1.5,北東,3.7,東北東,0,15:10,1000.6,1010.2,--,22.3,89,2.2,北北東,4.3,北北東,0,15:20,1000.6,1010.1,--,22.4,89,2.4,北北東,3.9,北北東,0,15:30,1000.9,1010.4,--,22.5,87,1.5,北北東,2.5,北,0,15:40,1000.9,1010.4,0.0,22.7,85,1.3,北西,2.5,西北西,0,15:50,1000.8,1010.3,--,22.7,87,1.4,北,2.9,北北東,0,16:00,1000.9,1010.4,--,22.9,87,2.3,北,3.5,北,0,16:10,1000.8,1010.3,--,22.9,85,2.0,北,3.2,北北東,0,16:20,1000.7,1010.2,--,22.7,87,1.7,北北東,2.8,北北東,0,16:30,1000.7,1010.2,--,22.8,86,2.2,北北東,3.1,北北東,0,16:40,1000.7,1010.2,--,22.7,86,2.8,北北東,4.1,北,0,16:50,1000.8,1010.3,--,22.5,88,2.7,北北東,3.9,北東,0,17:00,1000.7,1010.2,--,22.5,87,2.8,北北東,3.8,北北東,0,17:10,1000.8,1010.3,0.0,22.7,83,2.0,北北東,3.3,北北東,0,17:20,1000.7,1010.2,0.0,22.8,87,2.1,北,3.2,北北東,0,17:30,1000.6,1010.1,0.0,22.9,87,1.2,北東,2.2,北東,0,17:40,1000.6,1010.1,--,22.9,85,1.2,北北東,2.0,北,0,17:50,1000.5,1010.0,--,22.9,85,0.6,北,1.7,北,0,18:00,1000.4,1009.9,--,22.9,86,0.6,北東,1.4,北北東,0,18:10,1000.4,1009.9,--,23.1,86,0.9,東南東,1.8,東南東,0,18:20,1000.7,1010.2,--,23.1,87,0.5,南南西,1.4,南南西,0,18:30,1000.7,1010.2,--,23.1,88,0.6,南,1.4,南南西,0,18:40,1000.8,1010.3,0.0,23.0,88,0.7,南南西,1.6,南,0,18:50,1000.8,1010.3,0.0,22.8,88,0.6,南,1.6,南南東,0,19:00,1000.7,1010.2,0.0,22.7,90,0.6,東南東,1.0,南東,0,19:10,1000.6,1010.1,--,22.8,91,0.6,東北東,0.9,東北東,0,19:20,1000.5,1010.0,--,22.8,88,0.8,北東,1.8,東北東,0,19:30,1000.7,1010.2,--,22.9,88,0.8,北東,1.7,東北東,19:40,1000.7,1010.2,--,22.6,88,1.5,北北東,2.5,北,19:50,1000.8,1010.3,--,22.7,87,1.6,北,2.8,北,20:00,1000.8,1010.3,--,22.5,88,1.3,北,1.9,北,20:10,1000.8,1010.3,--,22.6,87,1.4,北北東,2.0,北北東,20:20,1000.9,1010.5,--,22.4,88,1.2,北北東,1.9,北北東,20:30,1001.2,1010.8,--,22.2,89,1.7,北北東,2.6,北,20:40,1001.2,1010.8,--,22.4,89,1.3,北北東,2.2,北東,20:50,1001.2,1010.8,--,22.4,87,1.6,北北東,2.4,北東,21:00,1001.4,1011.0,--,22.5,87,1.5,北北東,2.3,北,21:10,1001.2,1010.8,--,22.5,86,1.2,北北東,2.1,北北東,21:20,1001.1,1010.7,--,22.4,87,1.4,北北東,2.5,北,21:30,1001.2,1010.8,--,22.4,88,1.7,北北東,2.5,北東,21:40,1001.2,1010.8,--,22.2,90,2.0,北東,2.9,北東,21:50,1001.4,1011.0,--,22.1,90,1.6,北東,2.5,北北東,22:00,1001.1,1010.7,--,22.1,90,0.9,北東,1.7,北東,22:10,1000.8,1010.4,--,22.0,91,1.1,北北東,2.0,北東,22:20,1001.1,1010.7,--,21.9,91,1.2,北,2.1,北北東,22:30,1001.1,1010.7,--,22.3,88,1.0,北,2.1,北北西,22:40,1001.2,1010.8,--,22.0,90,1.0,北,1.9,北,22:50,1000.8,1010.4,--,22.0,91,0.6,北,1.7,北,23:00,1000.8,1010.4,--,21.8,92,0.5,北北東,1.2,北,23:10,1001.0,1010.6,--,22.2,89,0.9,北北東,1.5,北北東,23:20,1000.8,1010.4,--,22.1,90,2.0,北北東,3.1,北北東,23:30,1000.9,1010.5,--,22.1,89,2.1,北北東,2.9,北北東,23:40,1000.9,1010.5,--,22.1,89,2.1,北北東,3.1,北北東,23:50,1000.9,1010.5,--,22.1,89,1.1,北北東,1.7,北,24:00,1000.9,1010.5,--,22.2,88,1.4,北東,2.7,北北東"
name,time
,"00:10,1004.9,1014.4,--,24.9,66,0.8,北北東,1.6,北,00:20,1005.0,1014.5,--,25.2,65,0.6,北北西,1.4,西北西,00:30,1005.0,1014.5,--,25.1,65,0.9,西北西,1.7,西北西,00:40,1004.9,1014.4,--,24.9,66,1.3,西南西,2.1,西北西,00:50,1004.7,1014.2,--,24.7,67,0.6,西南西,1.5,西,01:00,1004.7,1014.2,--,24.7,66,0.5,西,1.0,西,01:10,1004.4,1013.9,--,24.8,67,1.0,西北西,1.5,西北西,01:20,1004.3,1013.8,--,24.1,71,0.6,北北西,1.1,北西,01:30,1004.2,1013.7,--,24.2,69,0.6,北北西,1.2,北,01:40,1004.0,1013.5,--,23.9,71,0.7,北北西,1.3,北,01:50,1004.0,1013.5,--,23.8,71,0.6,北西,1.2,北,02:00,1003.9,1013.4,--,23.6,73,0.9,南,1.1,南,02:10,1003.8,1013.3,--,24.4,68,0.6,南南東,1.0,南,02:20,1003.9,1013.4,--,24.5,67,0.8,南南東,1.8,南,02:30,1003.9,1013.4,--,24.2,69,0.7,南,1.7,南,02:40,1003.9,1013.4,--,24.4,68,1.1,南,1.7,南,02:50,1003.8,1013.3,--,24.2,71,1.1,南南西,1.8,南,03:00,1003.9,1013.4,--,24.3,70,1.2,南東,1.8,南東,03:10,1003.9,1013.4,--,24.1,71,1.0,南,1.6,南西,03:20,1003.9,1013.4,--,24.1,70,0.9,南南西,1.4,南,03:30,1003.8,1013.3,--,24.2,70,1.0,南南西,1.4,南,03:40,1004.0,1013.5,--,24.4,69,1.2,南,1.6,南南西,03:50,1004.2,1013.7,--,24.6,68,1.6,南南西,2.9,南西,04:00,1004.1,1013.6,--,24.5,71,1.5,南南西,2.5,南南西,04:10,1004.2,1013.7,--,24.3,70,1.5,南,2.2,南,04:20,1004.6,1014.1,--,24.6,69,2.0,南南西,3.3,南西,04:30,1004.9,1014.4,0.0,24.5,73,1.9,南西,3.2,西南西,04:40,1005.4,1014.9,0.0,24.4,73,1.9,西南西,3.8,西,04:50,1005.5,1015.0,0.0,23.9,77,2.3,西南西,4.7,西,0,05:00,1005.6,1015.1,0.0,23.7,79,2.1,西,3.4,西南西,0,05:10,1005.7,1015.3,0.0,23.5,81,2.6,西南西,5.9,南西,0,05:20,1005.8,1015.4,0.5,22.9,83,3.6,西南西,7.4,西,0,05:30,1005.7,1015.3,0.0,22.1,81,3.2,西南西,5.9,西南西,0,05:40,1005.5,1015.1,1.5,21.9,83,2.5,西,6.6,西,0,05:50,1005.4,1015.0,0.5,21.3,82,2.6,西南西,4.5,西,0,06:00,1005.2,1014.9,0.0,20.9,84,1.3,西,3.0,西,0,06:10,1005.1,1014.7,0.0,21.1,82,0.7,西南西,1.7,北西,0,06:20,1005.2,1014.8,--,21.3,79,0.3,南,1.0,南,0,06:30,1005.0,1014.6,0.0,21.2,82,0.6,南西,1.4,南南東,0,06:40,1004.8,1014.4,0.0,21.2,88,1.1,南,1.8,南南東,0,06:50,1005.0,1014.6,--,21.1,88,1.3,南,1.7,南南西,0,07:00,1005.2,1014.8,0.0,21.5,87,1.5,南南西,2.1,南南西,0,07:10,1005.2,1014.8,0.0,21.6,84,1.7,南南西,2.7,南西,0,07:20,1005.3,1014.9,0.0,21.6,82,1.7,南,2.9,南,0,07:30,1005.2,1014.8,0.0,21.9,85,0.6,南,1.5,南南東,0,07:40,1005.2,1014.8,0.0,21.7,84,0.6,南,1.7,南,0,07:50,1005.1,1014.7,0.0,21.7,87,0.7,東,1.4,東北東,0,08:00,1004.8,1014.4,0.0,21.9,87,0.9,東,1.8,北北東,0,08:10,1004.8,1014.4,0.0,21.8,87,1.7,北東,2.7,東,0,08:20,1004.5,1014.1,0.0,22.0,89,2.3,北東,4.0,北北東,0,08:30,1004.7,1014.3,0.0,22.0,87,1.5,東北東,4.1,東,0,08:40,1004.7,1014.3,0.0,21.9,88,2.3,北東,3.9,東北東,0,08:50,1004.6,1014.2,0.0,22.0,87,1.9,北東,3.3,北東,0,09:00,1004.4,1014.0,0.0,22.1,88,2.4,北北東,4.5,北北東,0,09:10,1004.0,1013.6,0.0,22.1,86,2.4,北,5.2,北,0,09:20,1004.2,1013.8,0.0,22.1,88,3.0,北北東,5.4,北,0,09:30,1004.5,1014.1,0.0,22.2,87,2.4,北北東,4.7,北北東,0,09:40,1004.6,1014.2,1.0,22.3,88,2.1,北北東,3.9,北北東,0,09:50,1003.5,1013.1,0.0,22.2,89,3.0,北,6.1,北,0,10:00,1004.2,1013.8,0.0,22.4,87,3.4,北,5.7,北北東,0,10:10,1003.7,1013.3,0.0,22.6,87,3.6,北,6.1,北,0,10:20,1003.7,1013.3,0.0,22.7,87,4.2,北北東,6.2,北北東,0,10:30,1003.8,1013.4,0.0,22.0,87,3.0,北北東,5.9,北,0,10:40,1003.9,1013.5,0.0,22.0,90,1.8,東北東,3.3,北北東,0,10:50,1003.9,1013.5,0.5,21.9,89,1.2,北東,2.8,北北東,0,11:00,1003.9,1013.5,0.0,21.9,89,1.9,北東,3.2,北東,0,11:10,1003.8,1013.4,0.0,22.1,90,3.0,北北東,4.9,北北東,0,11:20,1003.7,1013.3,1.0,21.5,89,1.5,北,4.3,北北東,0,11:30,1003.6,1013.2,0.5,21.4,88,3.3,北北東,4.8,北北東,0,11:40,1003.6,1013.2,0.0,21.7,85,2.8,北北東,4.2,北北東,0,11:50,1003.7,1013.3,0.0,21.3,89,1.9,北北東,3.0,北北東,0,12:00,1003.5,1013.1,1.0,21.0,90,2.2,北北東,4.0,北北西,0,12:10,1003.5,1013.1,3.0,20.6,92,2.3,北,4.0,北,0,12:20,1002.9,1012.5,2.5,20.6,95,3.1,北北東,5.8,北東,0,12:30,1002.7,1012.3,0.5,20.4,94,3.4,北北東,5.8,北,0,12:40,1002.2,1011.8,0.5,20.8,95,3.7,北北東,6.1,北東,0,12:50,1002.2,1011.8,0.5,20.3,94,3.6,北北東,6.0,北東,0,13:00,1002.4,1012.0,0.0,20.3,94,2.3,北北東,4.6,北北東,0,13:10,1002.4,1012.0,1.5,20.5,94,3.1,北,5.1,北,0,13:20,1002.2,1011.8,1.0,20.3,94,2.2,北北東,4.6,北北東,0,13:30,1002.1,1011.7,0.0,20.2,95,2.9,北東,5.0,北北東,0,13:40,1001.8,1011.4,0.5,20.5,95,2.5,北北東,4.7,北東,0,13:50,1001.3,1010.9,--,21.0,95,3.0,北東,4.7,北東,0,14:00,1001.3,1010.9,0.0,21.4,94,2.6,北北東,4.1,北東,0,14:10,1001.2,1010.8,0.0,21.8,94,1.7,北東,3.4,北北東,0,14:20,1001.0,1010.6,0.0,21.8,94,2.0,北東,3.4,北北東,0,14:30,1000.9,1010.5,0.0,22.3,93,2.8,北北東,4.3,北北東,0,14:40,1000.7,1010.3,--,22.3,91,2.3,北北東,3.8,北東,0,14:50,1000.5,1010.0,--,22.4,91,1.5,北北東,3.3,北北東,0,15:00,1000.5,1010.0,--,22.6,89,1.5,北東,3.7,東北東,0,15:10,1000.6,1010.2,--,22.3,89,2.2,北北東,4.3,北北東,0,15:20,1000.6,1010.1,--,22.4,89,2.4,北北東,3.9,北北東,0,15:30,1000.9,1010.4,--,22.5,87,1.5,北北東,2.5,北,0,15:40,1000.9,1010.4,0.0,22.7,85,1.3,北西,2.5,西北西,0,15:50,1000.8,1010.3,--,22.7,87,1.4,北,2.9,北北東,0,16:00,1000.9,1010.4,--,22.9,87,2.3,北,3.5,北,0,16:10,1000.8,1010.3,--,22.9,85,2.0,北,3.2,北北東,0,16:20,1000.7,1010.2,--,22.7,87,1.7,北北東,2.8,北北東,0,16:30,1000.7,1010.2,--,22.8,86,2.2,北北東,3.1,北北東,0,16:40,1000.7,1010.2,--,22.7,86,2.8,北北東,4.1,北,0,16:50,1000.8,1010.3,--,22.5,88,2.7,北北東,3.9,北東,0,17:00,1000.7,1010.2,--,22.5,87,2.8,北北東,3.8,北北東,0,17:10,1000.8,1010.3,0.0,22.7,83,2.0,北北東,3.3,北北東,0,17:20,1000.7,1010.2,0.0,22.8,87,2.1,北,3.2,北北東,0,17:30,1000.6,1010.1,0.0,22.9,87,1.2,北東,2.2,北東,0,17:40,1000.6,1010.1,--,22.9,85,1.2,北北東,2.0,北,0,17:50,1000.5,1010.0,--,22.9,85,0.6,北,1.7,北,0,18:00,1000.4,1009.9,--,22.9,86,0.6,北東,1.4,北北東,0,18:10,1000.4,1009.9,--,23.1,86,0.9,東南東,1.8,東南東,0,18:20,1000.7,1010.2,--,23.1,87,0.5,南南西,1.4,南南西,0,18:30,1000.7,1010.2,--,23.1,88,0.6,南,1.4,南南西,0,18:40,1000.8,1010.3,0.0,23.0,88,0.7,南南西,1.6,南,0,18:50,1000.8,1010.3,0.0,22.8,88,0.6,南,1.6,南南東,0,19:00,1000.7,1010.2,0.0,22.7,90,0.6,東南東,1.0,南東,0,19:10,1000.6,1010.1,--,22.8,91,0.6,東北東,0.9,東北東,0,19:20,1000.5,1010.0,--,22.8,88,0.8,北東,1.8,東北東,0,19:30,1000.7,1010.2,--,22.9,88,0.8,北東,1.7,東北東,19:40,1000.7,1010.2,--,22.6,88,1.5,北北東,2.5,北,19:50,1000.8,1010.3,--,22.7,87,1.6,北,2.8,北,20:00,1000.8,1010.3,--,22.5,88,1.3,北,1.9,北,20:10,1000.8,1010.3,--,22.6,87,1.4,北北東,2.0,北北東,20:20,1000.9,1010.5,--,22.4,88,1.2,北北東,1.9,北北東,20:30,1001.2,1010.8,--,22.2,89,1.7,北北東,2.6,北,20:40,1001.2,1010.8,--,22.4,89,1.3,北北東,2.2,北東,20:50,1001.2,1010.8,--,22.4,87,1.6,北北東,2.4,北東,21:00,1001.4,1011.0,--,22.5,87,1.5,北北東,2.3,北,21:10,1001.2,1010.8,--,22.5,86,1.2,北北東,2.1,北北東,21:20,1001.1,1010.7,--,22.4,87,1.4,北北東,2.5,北,21:30,1001.2,1010.8,--,22.4,88,1.7,北北東,2.5,北東,21:40,1001.2,1010.8,--,22.2,90,2.0,北東,2.9,北東,21:50,1001.4,1011.0,--,22.1,90,1.6,北東,2.5,北北東,22:00,1001.1,1010.7,--,22.1,90,0.9,北東,1.7,北東,22:10,1000.8,1010.4,--,22.0,91,1.1,北北東,2.0,北東,22:20,1001.1,1010.7,--,21.9,91,1.2,北,2.1,北北東,22:30,1001.1,1010.7,--,22.3,88,1.0,北,2.1,北北西,22:40,1001.2,1010.8,--,22.0,90,1.0,北,1.9,北,22:50,1000.8,1010.4,--,22.0,91,0.6,北,1.7,北,23:00,1000.8,1010.4,--,21.8,92,0.5,北北東,1.2,北,23:10,1001.0,1010.6,--,22.2,89,0.9,北北東,1.5,北北東,23:20,1000.8,1010.4,--,22.1,90,2.0,北北東,3.1,北北東,23:30,1000.9,1010.5,--,22.1,89,2.1,北北東,2.9,北北東,23:40,1000.9,1010.5,--,22.1,89,2.1,北北東,3.1,北北東,23:50,1000.9,1010.5,--,22.1,89,1.1,北北東,1.7,北,24:00,1000.9,1010.5,--,22.2,88,1.4,北東,2.7,北北東"
name,time
,"00:10,1003.1,1012.7,--,20.5,94,0.8,東,1.5,北東,00:20,1003.2,1012.8,--,20.7,94,1.2,北東,1.9,東北東,00:30,1003.2,1012.8,--,20.8,94,1.2,北東,1.6,北東,00:40,1003.3,1012.9,--,20.6,93,0.5,北北東,1.0,北北東,00:50,1003.3,1012.9,--,20.8,94,0.2,静穏,1.0,北,01:00,1003.2,1012.8,--,20.6,93,0.6,北北東,1.0,北東,01:10,1003.2,1012.8,--,20.6,94,0.7,北北東,1.4,北,01:20,1003.4,1013.0,0.0,20.8,93,1.3,北,2.0,北,01:30,1003.5,1013.1,0.0,20.9,92,1.0,北,1.8,北,01:40,1003.4,1013.0,0.0,20.7,93,0.9,北,1.4,北,01:50,1003.4,1013.0,0.0,20.8,92,0.8,北東,1.6,北北東,02:00,1003.4,1013.0,0.0,20.7,93,0.6,東,0.9,東北東,02:10,1003.5,1013.1,0.0,20.8,93,0.6,南南東,1.1,南東,02:20,1003.5,1013.1,0.0,20.7,94,0.5,南南東,1.0,東南東,02:30,1003.6,1013.2,0.0,20.8,93,0.3,南,0.7,南南西,02:40,1003.6,1013.2,0.0,20.8,94,0.4,東北東,1.0,東北東,02:50,1003.8,1013.4,0.0,20.8,94,0.4,北北東,1.1,北東,03:00,1003.8,1013.4,0.0,20.8,94,1.1,北北東,2.0,北北東,03:10,1003.6,1013.3,0.0,20.5,93,1.6,北北東,2.6,北北東,03:20,1003.6,1013.3,0.0,20.5,93,1.6,北東,2.2,北東,03:30,1003.7,1013.4,0.5,20.4,94,1.4,北東,2.2,東北東,03:40,1003.8,1013.5,0.0,20.3,94,1.3,北北東,1.8,北北東,03:50,1004.0,1013.7,0.0,20.4,93,0.7,北,1.7,北,04:00,1004.0,1013.7,0.0,20.1,93,0.3,東北東,0.8,北東,04:10,1004.0,1013.7,0.5,20.1,96,0.6,南東,1.3,南東,04:20,1004.0,1013.7,0.0,20.2,97,0.6,東南東,1.4,東南東,04:30,1004.0,1013.7,0.0,20.2,97,1.0,東,2.1,東,04:40,1004.3,1014.0,0.0,20.2,97,0.6,東南東,1.8,東北東,04:50,1004.4,1014.1,--,20.4,97,0.8,南,1.4,南東,0,05:00,1004.3,1014.0,0.0,20.4,97,1.0,南,1.7,南南東,0,05:10,1004.3,1014.0,0.0,20.3,97,0.9,南南東,1.5,南東,0,05:20,1004.5,1014.2,--,20.4,96,1.1,南南西,1.7,南南西,0,05:30,1004.7,1014.4,--,20.3,95,0.4,南南西,1.4,南南西,0,05:40,1004.8,1014.5,--,20.3,95,0.2,静穏,0.9,南南西,0,05:50,1004.7,1014.4,--,20.4,95,0.3,東,1.0,東北東,0,06:00,1004.6,1014.3,--,20.5,96,0.5,北東,1.0,東北東,0,06:10,1004.6,1014.3,--,20.6,96,1.0,北東,1.4,北,0,06:20,1004.7,1014.4,--,20.7,96,1.0,北北東,1.9,北北東,0,06:30,1004.9,1014.5,--,21.0,95,0.7,北北東,1.8,北北東,0,06:40,1004.9,1014.5,--,21.0,93,1.0,北,2.4,北,0,06:50,1004.8,1014.4,--,21.2,92,2.0,北東,3.3,東北東,0,07:00,1005.0,1014.6,--,21.2,90,2.0,北東,3.8,北東,0,07:10,1004.9,1014.5,--,21.1,88,1.9,北東,3.3,北東,0,07:20,1005.0,1014.6,--,21.4,89,2.0,北北東,3.7,北東,0,07:30,1005.0,1014.6,--,21.4,86,2.3,北,3.3,北北東,0,07:40,1005.0,1014.6,--,21.7,86,2.0,北,3.6,北,2,07:50,1004.9,1014.5,--,22.1,85,2.0,北北東,3.3,北北東,2,08:00,1004.9,1014.5,--,22.3,84,3.0,北北東,4.5,北北東,1,08:10,1004.9,1014.5,--,22.5,81,2.0,北北東,3.9,北北東,0,08:20,1005.1,1014.7,--,22.6,81,1.3,北北東,3.1,北東,0,08:30,1005.0,1014.6,--,22.9,81,1.0,北,2.1,北北西,0,08:40,1004.7,1014.2,--,23.8,81,0.9,南東,2.1,東,7,08:50,1004.7,1014.2,--,23.5,77,1.7,東北東,3.5,東北東,5,09:00,1004.7,1014.2,--,23.9,74,1.4,北東,3.7,北東,7,09:10,1004.6,1014.1,--,24.8,77,1.2,北北東,2.4,北北東,6,09:20,1004.6,1014.1,--,24.0,72,1.2,南,2.8,南,0,09:30,1004.4,1013.9,--,24.2,73,0.8,東北東,2.3,北北東,2,09:40,1004.3,1013.8,--,24.4,73,0.9,北北東,2.2,北東,0,09:50,1004.1,1013.6,--,24.5,73,1.7,北東,3.0,北東,0,10:00,1003.9,1013.4,--,24.7,74,1.3,北東,3.7,北東,0,10:10,1003.9,1013.4,--,25.1,72,1.8,北北東,3.0,東北東,1,10:20,1004.0,1013.5,--,25.1,71,1.2,北北東,2.8,北,0,10:30,1003.9,1013.4,--,25.1,72,1.0,北北西,2.1,北東,0,10:40,1003.9,1013.4,--,25.2,74,1.9,南南西,3.8,南西,0,10:50,1003.8,1013.3,0.0,25.1,74,0.8,西,2.2,南南西,0,11:00,1003.6,1013.1,0.0,25.3,72,0.9,東南東,1.7,南西,0,11:10,1003.4,1012.9,--,25.6,71,0.5,南南西,1.5,北東,0,11:20,1003.4,1012.9,--,25.7,69,0.6,北東,1.6,北北東,0,11:30,1003.4,1012.9,0.0,25.6,70,0.8,西,1.7,西,0,11:40,1003.6,1013.1,0.0,25.7,72,1.3,北西,2.6,北西,0,11:50,1003.7,1013.2,0.0,25.6,70,1.5,西北西,2.9,北北西,0,12:00,1003.7,1013.1,0.0,26.0,72,1.4,北西,2.6,北西,0,12:10,1003.6,1013.0,0.0,26.1,69,1.4,北西,3.1,西北西,0,12:20,1003.6,1013.0,0.0,26.0,70,1.4,西北西,3.3,北西,0,12:30,1003.4,1012.9,0.0,25.7,75,1.5,北北西,2.9,北北西,0,12:40,1003.4,1012.9,0.0,25.3,79,1.7,北西,3.2,西北西,0,12:50,1003.5,1013.0,0.0,25.4,75,1.5,北西,2.6,北北西,0,13:00,1003.5,1013.0,0.0,25.2,78,1.5,北西,2.7,北西,0,13:10,1003.5,1013.0,0.5,24.9,77,2.0,北北西,3.2,北北西,0,13:20,1003.4,1012.9,0.0,24.9,80,2.0,北,3.9,北,0,13:30,1003.4,1012.9,0.0,24.6,81,2.5,北,3.5,北,0,13:40,1003.2,1012.7,0.0,24.4,85,2.2,北,3.7,北,0,13:50,1003.4,1012.9,0.0,24.0,85,1.9,北,4.0,北,0,14:00,1003.5,1013.0,0.0,24.0,86,1.6,北,4.0,北,0,14:10,1003.6,1013.1,0.5,24.0,89,1.3,北,2.1,北北西,0,14:20,1003.5,1013.0,0.0,23.9,89,1.3,北北東,2.2,北東,0,14:30,1003.6,1013.1,0.0,24.0,89,0.7,北北東,2.1,北東,0,14:40,1003.7,1013.2,0.5,23.8,90,0.4,北北西,1.2,北,0,14:50,1003.8,1013.3,0.5,23.7,92,0.4,北,1.6,北東,0,15:00,1003.7,1013.2,0.5,23.3,93,0.8,北北西,1.8,北北西,0,15:10,1003.6,1013.1,1.0,23.4,95,1.4,北北東,2.4,北,0,15:20,1003.2,1012.7,1.0,23.3,95,1.7,北北東,2.7,北北東,0,15:30,1002.7,1012.2,0.5,23.4,95,1.6,北北東,3.3,東北東,0,15:40,1002.2,1011.7,1.0,23.3,95,2.4,北東,3.7,東北東,0,15:50,1001.8,1011.3,0.0,23.5,96,2.0,東北東,3.2,北東,0,16:00,1001.8,1011.3,0.5,23.4,96,3.1,東北東,4.8,東,0,16:10,1001.9,1011.4,0.0,23.7,95,1.8,北東,3.6,東北東,0,16:20,1001.7,1011.2,0.5,23.8,94,2.7,北,5.3,北東,0,16:30,1001.3,1010.8,0.0,23.5,94,2.5,北西,4.4,西北西,0,16:40,1001.1,1010.6,0.0,23.7,95,2.4,北東,4.1,北東,0,16:50,1001.1,1010.6,0.0,23.7,96,2.8,北東,4.2,東北東,0,17:00,1001.5,1011.0,0.0,23.7,96,1.8,北,3.8,北東,0,17:10,1001.8,1011.3,0.0,23.7,95,1.5,北,2.8,北,0,17:20,1001.9,1011.4,0.0,23.8,94,1.7,北北西,3.2,西北西,0,17:30,1002.0,1011.5,0.0,24.0,93,2.2,北北東,3.8,北東,0,17:40,1002.2,1011.7,0.0,23.8,94,2.1,北,3.3,北,0,17:50,1002.2,1011.7,--,23.9,95,2.0,北北東,3.3,北北東,0,18:00,1002.3,1011.8,--,23.9,93,2.6,北北東,3.7,北北東,0,18:10,1002.5,1012.0,--,23.9,94,1.7,北,3.3,北北東,0,18:20,1002.5,1012.0,0.0,23.8,95,1.4,北,2.9,北北西,0,18:30,1002.7,1012.2,0.0,23.8,95,1.4,北,2.9,北北西,0,18:40,1002.9,1012.4,0.0,23.8,96,1.6,北,2.8,北,0,18:50,1002.9,1012.4,0.0,23.7,95,2.2,北北東,3.7,北北東,0,19:00,1002.9,1012.4,0.0,23.6,96,2.2,北北東,3.3,北北東,0,19:10,1003.1,1012.6,0.0,23.7,95,1.5,北北東,2.6,北北東,0,19:20,1003.3,1012.8,0.0,23.5,95,0.8,北北東,1.7,北西,0,19:30,1003.3,1012.8,0.0,23.4,96,0.6,北北西,1.4,北北西,19:40,1003.3,1012.8,0.0,23.4,97,0.5,北,1.3,北,19:50,1003.5,1013.0,--,23.6,97,0.5,北,0.8,北西,20:00,1003.5,1013.0,--,23.6,96,0.4,西南西,0.7,南南西,20:10,1003.6,1013.1,--,23.7,96,0.5,西南西,0.8,西南西,20:20,1003.7,1013.2,0.0,23.8,95,0.4,南南西,1.1,南西,20:30,1003.6,1013.1,0.0,23.9,95,0.5,南東,1.0,東,20:40,1003.6,1013.1,--,23.9,95,0.8,東南東,1.1,東南東,20:50,1003.6,1013.1,0.0,23.9,95,0.3,東,0.9,南東,21:00,1003.6,1013.1,0.0,23.8,95,0.2,静穏,0.6,南南西,21:10,1003.4,1012.9,--,23.7,96,0.2,静穏,0.6,北西,21:20,1003.2,1012.7,--,23.5,97,0.5,東北東,1.0,東,21:30,1003.2,1012.7,--,23.5,97,0.9,東北東,1.1,東北東,21:40,1003.3,1012.8,0.0,23.6,97,0.7,北東,1.0,北,21:50,1003.3,1012.8,--,23.7,97,1.0,北,1.4,北,22:00,1003.3,1012.8,--,23.6,97,1.1,北,1.7,北,22:10,1003.3,1012.8,--,23.5,97,1.0,北,1.3,北,22:20,1003.3,1012.8,--,23.5,97,1.2,北,1.8,北,22:30,1003.2,1012.7,--,23.6,96,1.2,北,2.0,北,22:40,1003.2,1012.7,--,23.6,96,1.6,北,2.8,北北西,22:50,1003.2,1012.7,--,23.7,95,1.2,北北東,1.8,北東,23:00,1003.0,1012.5,--,23.4,96,1.2,北北東,1.8,北東,23:10,1003.0,1012.5,--,23.3,96,1.4,北北東,2.1,北北東,23:20,1003.1,1012.6,--,23.4,97,1.3,北北東,1.8,北北東,23:30,1003.2,1012.7,--,23.3,96,0.8,北北東,1.6,北北東,23:40,1003.0,1012.5,--,23.3,97,0.7,北北東,1.2,北北東,23:50,1003.0,1012.5,--,23.3,97,0.9,北,1.4,北,24:00,1003.0,1012.5,--,23.3,97,0.9,北,1.4,北"
name,time
,"00:10,1013.7,1023.9,--,9.2,57,1.6,北,2.8,北北西,00:20,1013.8,1024.0,--,9.2,57,1.3,北,1.7,北,00:30,1013.8,1024.0,--,9.2,55,1.3,北北東,2.0,北北東,00:40,1013.8,1024.0,--,8.7,58,0.9,北北東,1.6,北,00:50,1013.8,1024.0,--,8.5,59,0.7,北,1.0,北北西,01:00,1013.9,1024.1,--,8.5,61,0.5,北北西,1.0,北,01:10,1013.9,1024.1,--,8.2,62,1.0,北,1.9,北北西,01:20,1013.8,1024.0,--,8.3,62,1.0,北,1.9,北西,01:30,1013.7,1023.9,--,8.0,64,1.1,北北東,1.6,北北東,01:40,1013.7,1023.9,--,7.8,65,1.3,北,1.7,北,01:50,1013.4,1023.6,--,7.9,66,1.4,北北東,2.3,北北東,02:00,1013.4,1023.6,--,7.8,65,1.4,北東,2.4,北東,02:10,1013.4,1023.6,--,7.9,67,1.3,北北東,2.1,北北東,02:20,1013.4,1023.6,--,7.8,65,1.3,北北東,2.0,北北東,02:30,1013.2,1023.4,--,7.4,69,1.2,北北東,1.9,北東,02:40,1013.2,1023.4,--,7.5,69,1.5,北東,2.1,北北東,02:50,1013.2,1023.4,--,7.6,68,1.2,北東,1.9,北東,03:00,1013.1,1023.3,--,7.7,68,1.4,北,2.0,北,03:10,1013.0,1023.2,--,7.5,68,1.3,北北東,2.0,北北東,03:20,1013.0,1023.2,--,7.9,66,0.8,北東,1.3,北東,03:30,1013.0,1023.2,--,7.6,68,0.7,北東,1.1,北東,03:40,1013.1,1023.3,--,7.6,68,0.9,北北東,1.5,北北東,03:50,1013.0,1023.2,--,7.7,69,1.0,北東,1.7,北北東,04:00,1012.9,1023.1,--,7.8,69,1.1,東南東,1.7,南東,04:10,1012.8,1023.0,--,7.6,70,1.2,東北東,2.3,東北東,04:20,1012.7,1022.9,--,7.6,70,1.4,東北東,2.1,北東,04:30,1012.8,1023.0,--,7.6,69,1.7,北東,2.8,北北東,04:40,1012.9,1023.1,--,7.8,69,2.1,北北東,3.0,北北東,04:50,1013.0,1023.2,--,7.5,70,1.7,北北東,2.7,北,05:00,1013.0,1023.2,--,7.6,69,1.6,北北東,2.5,北北東,05:10,1013.4,1023.6,--,7.5,69,1.3,北北東,1.7,北北東,05:20,1013.7,1024.0,--,7.2,71,0.9,北東,1.2,北北東,05:30,1013.8,1024.0,--,7.5,70,0.5,北,0.7,北,05:40,1014.0,1024.3,--,7.3,70,0.6,北北東,1.4,北北東,05:50,1014.1,1024.4,--,7.2,71,1.7,北北東,2.7,北北東,06:00,1014.2,1024.5,--,7.2,72,2.2,北北東,2.8,北北東,0,06:10,1014.4,1024.7,--,7.1,73,1.4,北北東,2.1,北北東,0,06:20,1014.6,1024.9,--,7.1,74,1.4,北北東,1.9,北北東,0,06:30,1014.8,1025.1,--,7.0,74,1.3,北,2.0,北,0,06:40,1014.9,1025.2,--,7.0,74,1.7,北北東,2.5,北,0,06:50,1014.9,1025.2,--,7.1,74,1.7,北北東,2.5,北北東,0,07:00,1014.9,1025.2,--,7.1,75,1.8,北北東,2.2,北,0,07:10,1014.9,1025.2,--,7.2,74,1.0,北東,1.5,北東,0,07:20,1015.0,1025.3,--,7.2,72,0.8,北東,1.2,東,0,07:30,1014.9,1025.2,--,7.5,71,1.0,北東,1.4,北北東,0,07:40,1015.0,1025.3,--,7.6,70,0.6,東,1.4,東,0,07:50,1015.1,1025.4,--,7.7,69,0.3,南,1.0,南南東,0,08:00,1015.1,1025.3,--,8.1,68,0.4,北東,1.0,北,5,08:10,1015.1,1025.3,--,8.2,66,0.4,北北東,0.8,南,7,08:20,1015.1,1025.3,--,9.0,66,0.5,北東,1.1,北北東,9,08:30,1015.3,1025.5,--,8.6,62,0.6,北東,1.4,北東,4,08:40,1015.4,1025.6,--,9.0,63,1.3,南南西,2.1,南南西,0,08:50,1015.5,1025.7,--,9.2,63,0.9,南南西,1.7,南西,0,09:00,1015.4,1025.6,--,9.3,63,0.9,西南西,1.7,南西,1,09:10,1015.4,1025.6,--,10.3,60,1.1,南南西,2.0,南,8,09:20,1015.4,1025.5,--,11.2,57,1.0,南西,2.6,南西,10,09:30,1015.5,1025.6,--,10.9,57,1.6,南南西,4.0,南西,10,09:40,1015.6,1025.7,--,11.0,53,2.6,南西,5.5,西南西,10,09:50,1015.5,1025.6,--,12.1,54,1.7,南西,4.0,西,10,10:00,1015.5,1025.6,--,12.2,51,2.4,南南西,5.4,南南西,10,10:10,1015.4,1025.5,--,11.5,51,2.7,西南西,5.2,西南西,9,10:20,1015.3,1025.4,--,12.2,48,3.0,南西,6.4,南西,10,10:30,1015.2,1025.3,--,11.7,49,3.2,南西,5.7,南西,10,10:40,1015.1,1025.2,--,12.0,48,2.9,西南西,5.6,西南西,10,10:50,1015.1,1025.2,--,12.6,48,3.2,西,7.1,西南西,10,11:00,1015.0,1025.1,--,12.6,47,2.9,西南西,5.3,西南西,10,11:10,1014.8,1024.9,--,12.4,46,2.8,南西,5.8,南西,10,11:20,1014.6,1024.6,--,13.1,44,2.5,南西,5.2,南南西,10,11:30,1014.6,1024.6,--,13.5,44,3.0,南西,5.8,南南西,10,11:40,1014.5,1024.5,--,13.5,44,2.3,南西,4.9,西南西,10,11:50,1014.5,1024.5,--,13.6,44,2.8,南西,6.1,西,10,12:00,1014.3,1024.3,--,13.6,45,3.1,南西,5.9,西南西,10,12:10,1014.1,1024.1,--,13.6,45,3.2,南西,6.1,南西,10,12:20,1014.0,1024.0,--,13.7,47,2.6,南西,5.8,南西,10,12:30,1013.9,1023.9,--,13.7,47,2.5,西南西,5.1,南西,10,12:40,1013.8,1023.8,--,13.6,44,2.6,西,5.0,西,10,12:50,1013.7,1023.7,--,13.6,41,2.7,南西,6.7,西南西,10,13:00,1013.5,1023.5,--,14.6,43,3.2,西,7.0,西,10,13:10,1013.4,1023.4,--,13.9,38,3.0,南西,5.6,西南西,10,13:20,1013.3,1023.3,--,13.9,35,2.8,南西,6.4,西南西,10,13:30,1013.3,1023.3,--,14.4,35,3.2,西南西,7.3,西北西,10,13:40,1013.1,1023.1,--,14.7,30,4.0,西南西,7.3,南南西,10,13:50,1013.0,1023.0,--,14.7,31,3.3,南西,7.4,南南西,10,14:00,1012.9,1022.9,--,14.0,32,3.8,南西,7.9,南西,10,14:10,1012.6,1022.5,--,15.0,33,4.0,南西,7.9,南西,10,14:20,1012.5,1022.5,--,14.5,30,3.7,南西,7.0,南西,10,14:30,1012.3,1022.3,--,14.5,32,3.9,南南西,8.0,南,10,14:40,1012.4,1022.4,--,14.8,34,4.2,南南西,7.2,南南西,10,14:50,1012.8,1022.8,--,14.8,34,3.3,南西,6.6,南西,10,15:00,1012.7,1022.7,--,14.9,35,3.8,南西,7.9,西南西,10,15:10,1012.4,1022.4,--,14.6,35,4.2,南西,9.8,南西,10,15:20,1012.3,1022.3,--,14.4,36,3.9,南西,7.5,西南西,10,15:30,1012.2,1022.2,--,14.5,36,4.5,南西,8.6,南西,10,15:40,1012.2,1022.1,--,14.8,36,3.9,西南西,7.2,西北西,10,15:50,1012.1,1022.1,--,14.4,36,4.2,南西,7.7,南西,10,16:00,1012.2,1022.1,--,15.2,38,4.2,西南西,7.5,西,10,16:10,1012.2,1022.1,--,14.9,38,3.6,南西,7.4,西,10,16:20,1012.2,1022.2,--,14.4,39,3.0,西南西,6.1,西,10,16:30,1012.0,1022.0,--,14.2,40,3.6,南西,7.9,南西,10,16:40,1012.0,1022.0,--,14.1,41,3.4,南西,7.2,西南西,7,16:50,1012.1,1022.1,--,14.2,40,3.4,西南西,7.0,南西,7,17:00,1012.2,1022.2,--,14.2,41,3.6,西南西,7.2,西,4,17:10,1012.1,1022.1,--,13.7,42,3.3,南南西,7.2,南西,10,17:20,1012.1,1022.1,--,13.8,42,3.2,南西,6.5,西南西,10,17:30,1012.2,1022.2,--,13.5,43,2.7,西南西,6.9,西,0,17:40,1012.3,1022.3,--,13.6,44,3.5,西南西,7.0,西南西,4,17:50,1012.2,1022.2,--,13.4,44,3.0,南西,6.2,西南西,0,18:00,1012.0,1022.0,--,13.4,45,3.3,西南西,7.0,西南西,0,18:10,1012.1,1022.1,--,13.4,45,2.9,南南西,5.4,南西,0,18:20,1012.2,1022.2,--,13.3,45,2.9,西南西,6.6,南西,0,18:30,1012.2,1022.2,--,13.2,45,2.5,西南西,4.9,南西,18:40,1012.2,1022.2,--,13.4,45,1.8,西南西,4.0,西北西,18:50,1012.3,1022.3,--,13.2,46,2.6,西,5.0,西北西,19:00,1012.3,1022.3,--,13.1,47,2.4,西南西,5.5,西北西,19:10,1012.5,1022.5,--,13.2,47,2.4,西南西,4.4,西南西,19:20,1012.4,1022.4,--,13.4,46,2.5,西南西,5.8,西南西,19:30,1012.5,1022.5,--,13.1,46,2.0,南西,3.9,南西,19:40,1012.4,1022.4,--,13.1,47,2.0,南西,3.8,南西,19:50,1012.7,1022.7,--,13.1,47,1.7,南西,3.5,西南西,20:00,1012.7,1022.7,--,13.0,48,1.4,南西,2.5,南西,20:10,1012.7,1022.7,--,12.9,49,2.0,南西,3.5,西南西,20:20,1012.8,1022.8,--,12.9,49,1.8,西南西,3.6,西,20:30,1012.8,1022.8,--,12.8,49,1.8,南西,3.8,西南西,20:40,1012.8,1022.8,--,12.6,50,1.9,南南西,3.9,南西,20:50,1012.6,1022.6,--,12.7,50,1.4,南南西,2.8,南南西,21:00,1012.5,1022.5,--,12.7,50,1.2,南南西,2.0,南西,21:10,1012.6,1022.6,--,12.6,50,1.2,南南西,1.7,南南西,21:20,1012.7,1022.7,--,12.5,51,1.1,南西,1.8,西南西,21:30,1012.6,1022.6,--,12.9,52,1.3,西南西,2.1,南西,21:40,1012.6,1022.6,--,12.7,52,1.0,南西,1.8,西南西,21:50,1012.5,1022.5,--,12.5,53,0.6,南西,1.3,南西,22:00,1012.4,1022.4,--,12.8,53,0.7,西南西,1.3,西南西,22:10,1012.4,1022.4,--,12.4,54,0.4,西南西,0.8,南西,22:20,1012.2,1022.2,--,12.9,53,0.7,東南東,1.4,東,22:30,1012.2,1022.2,--,12.3,56,1.1,東南東,1.6,東南東,22:40,1012.0,1022.1,--,12.1,57,1.5,南東,2.3,南東,22:50,1012.1,1022.2,--,12.0,57,1.3,東南東,2.2,東南東,23:00,1012.1,1022.2,--,12.0,57,0.9,東南東,1.6,東南東,23:10,1012.2,1022.3,--,12.1,58,0.7,南,1.0,南東,23:20,1012.3,1022.4,--,11.8,59,0.8,南南西,1.1,南南西,23:30,1012.5,1022.6,--,11.6,56,1.1,南南西,1.4,南南西,23:40,1012.5,1022.6,--,12.0,56,0.8,西南西,1.2,南西,23:50,1012.3,1022.4,--,11.7,57,0.7,西,1.4,西南西,24:00,1012.4,1022.5,--,11.4,59,0.4,東,0.7,東北東"
name,time
,"00:10,1013.7,1023.9,--,9.2,57,1.6,北,2.8,北北西,00:20,1013.8,1024.0,--,9.2,57,1.3,北,1.7,北,00:30,1013.8,1024.0,--,9.2,55,1.3,北北東,2.0,北北東,00:40,1013.8,1024.0,--,8.7,58,0.9,北北東,1.6,北,00:50,1013.8,1024.0,--,8.5,59,0.7,北,1.0,北北西,01:00,1013.9,1024.1,--,8.5,61,0.5,北北西,1.0,北,01:10,1013.9,1024.1,--,8.2,62,1.0,北,1.9,北北西,01:20,1013.8,1024.0,--,8.3,62,1.0,北,1.9,北西,01:30,1013.7,1023.9,--,8.0,64,1.1,北北東,1.6,北北東,01:40,1013.7,1023.9,--,7.8,65,1.3,北,1.7,北,01:50,1013.4,1023.6,--,7.9,66,1.4,北北東,2.3,北北東,02:00,1013.4,1023.6,--,7.8,65,1.4,北東,2.4,北東,02:10,1013.4,1023.6,--,7.9,67,1.3,北北東,2.1,北北東,02:20,1013.4,1023.6,--,7.8,65,1.3,北北東,2.0,北北東,02:30,1013.2,1023.4,--,7.4,69,1.2,北北東,1.9,北東,02:40,1013.2,1023.4,--,7.5,69,1.5,北東,2.1,北北東,02:50,1013.2,1023.4,--,7.6,68,1.2,北東,1.9,北東,03:00,1013.1,1023.3,--,7.7,68,1.4,北,2.0,北,03:10,1013.0,1023.2,--,7.5,68,1.3,北北東,2.0,北北東,03:20,1013.0,1023.2,--,7.9,66,0.8,北東,1.3,北東,03:30,1013.0,1023.2,--,7.6,68,0.7,北東,1.1,北東,03:40,1013.1,1023.3,--,7.6,68,0.9,北北東,1.5,北北東,03:50,1013.0,1023.2,--,7.7,69,1.0,北東,1.7,北北東,04:00,1012.9,1023.1,--,7.8,69,1.1,東南東,1.7,南東,04:10,1012.8,1023.0,--,7.6,70,1.2,東北東,2.3,東北東,04:20,1012.7,1022.9,--,7.6,70,1.4,東北東,2.1,北東,04:30,1012.8,1023.0,--,7.6,69,1.7,北東,2.8,北北東,04:40,1012.9,1023.1,--,7.8,69,2.1,北北東,3.0,北北東,04:50,1013.0,1023.2,--,7.5,70,1.7,北北東,2.7,北,05:00,1013.0,1023.2,--,7.6,69,1.6,北北東,2.5,北北東,05:10,1013.4,1023.6,--,7.5,69,1.3,北北東,1.7,北北東,05:20,1013.7,1024.0,--,7.2,71,0.9,北東,1.2,北北東,05:30,1013.8,1024.0,--,7.5,70,0.5,北,0.7,北,05:40,1014.0,1024.3,--,7.3,70,0.6,北北東,1.4,北北東,05:50,1014.1,1024.4,--,7.2,71,1.7,北北東,2.7,北北東,06:00,1014.2,1024.5,--,7.2,72,2.2,北北東,2.8,北北東,0,06:10,1014.4,1024.7,--,7.1,73,1.4,北北東,2.1,北北東,0,06:20,1014.6,1024.9,--,7.1,74,1.4,北北東,1.9,北北東,0,06:30,1014.8,1025.1,--,7.0,74,1.3,北,2.0,北,0,06:40,1014.9,1025.2,--,7.0,74,1.7,北北東,2.5,北,0,06:50,1014.9,1025.2,--,7.1,74,1.7,北北東,2.5,北北東,0,07:00,1014.9,1025.2,--,7.1,75,1.8,北北東,2.2,北,0,07:10,1014.9,1025.2,--,7.2,74,1.0,北東,1.5,北東,0,07:20,1015.0,1025.3,--,7.2,72,0.8,北東,1.2,東,0,07:30,1014.9,1025.2,--,7.5,71,1.0,北東,1.4,北北東,0,07:40,1015.0,1025.3,--,7.6,70,0.6,東,1.4,東,0,07:50,1015.1,1025.4,--,7.7,69,0.3,南,1.0,南南東,0,08:00,1015.1,1025.3,--,8.1,68,0.4,北東,1.0,北,5,08:10,1015.1,1025.3,--,8.2,66,0.4,北北東,0.8,南,7,08:20,1015.1,1025.3,--,9.0,66,0.5,北東,1.1,北北東,9,08:30,1015.3,1025.5,--,8.6,62,0.6,北東,1.4,北東,4,08:40,1015.4,1025.6,--,9.0,63,1.3,南南西,2.1,南南西,0,08:50,1015.5,1025.7,--,9.2,63,0.9,南南西,1.7,南西,0,09:00,1015.4,1025.6,--,9.3,63,0.9,西南西,1.7,南西,1,09:10,1015.4,1025.6,--,10.3,60,1.1,南南西,2.0,南,8,09:20,1015.4,1025.5,--,11.2,57,1.0,南西,2.6,南西,10,09:30,1015.5,1025.6,--,10.9,57,1.6,南南西,4.0,南西,10,09:40,1015.6,1025.7,--,11.0,53,2.6,南西,5.5,西南西,10,09:50,1015.5,1025.6,--,12.1,54,1.7,南西,4.0,西,10,10:00,1015.5,1025.6,--,12.2,51,2.4,南南西,5.4,南南西,10,10:10,1015.4,1025.5,--,11.5,51,2.7,西南西,5.2,西南西,9,10:20,1015.3,1025.4,--,12.2,48,3.0,南西,6.4,南西,10,10:30,1015.2,1025.3,--,11.7,49,3.2,南西,5.7,南西,10,10:40,1015.1,1025.2,--,12.0,48,2.9,西南西,5.6,西南西,10,10:50,1015.1,1025.2,--,12.6,48,3.2,西,7.1,西南西,10,11:00,1015.0,1025.1,--,12.6,47,2.9,西南西,5.3,西南西,10,11:10,1014.8,1024.9,--,12.4,46,2.8,南西,5.8,南西,10,11:20,1014.6,1024.6,--,13.1,44,2.5,南西,5.2,南南西,10,11:30,1014.6,1024.6,--,13.5,44,3.0,南西,5.8,南南西,10,11:40,1014.5,1024.5,--,13.5,44,2.3,南西,4.9,西南西,10,11:50,1014.5,1024.5,--,13.6,44,2.8,南西,6.1,西,10,12:00,1014.3,1024.3,--,13.6,45,3.1,南西,5.9,西南西,10,12:10,1014.1,1024.1,--,13.6,45,3.2,南西,6.1,南西,10,12:20,1014.0,1024.0,--,13.7,47,2.6,南西,5.8,南西,10,12:30,1013.9,1023.9,--,13.7,47,2.5,西南西,5.1,南西,10,12:40,1013.8,1023.8,--,13.6,44,2.6,西,5.0,西,10,12:50,1013.7,1023.7,--,13.6,41,2.7,南西,6.7,西南西,10,13:00,1013.5,1023.5,--,14.6,43,3.2,西,7.0,西,10,13:10,1013.4,1023.4,--,13.9,38,3.0,南西,5.6,西南西,10,13:20,1013.3,1023.3,--,13.9,35,2.8,南西,6.4,西南西,10,13:30,1013.3,1023.3,--,14.4,35,3.2,西南西,7.3,西北西,10,13:40,1013.1,1023.1,--,14.7,30,4.0,西南西,7.3,南南西,10,13:50,1013.0,1023.0,--,14.7,31,3.3,南西,7.4,南南西,10,14:00,1012.9,1022.9,--,14.0,32,3.8,南西,7.9,南西,10,14:10,1012.6,1022.5,--,15.0,33,4.0,南西,7.9,南西,10,14:20,1012.5,1022.5,--,14.5,30,3.7,南西,7.0,南西,10,14:30,1012.3,1022.3,--,14.5,32,3.9,南南西,8.0,南,10,14:40,1012.4,1022.4,--,14.8,34,4.2,南南西,7.2,南南西,10,14:50,1012.8,1022.8,--,14.8,34,3.3,南西,6.6,南西,10,15:00,1012.7,1022.7,--,14.9,35,3.8,南西,7.9,西南西,10,15:10,1012.4,1022.4,--,14.6,35,4.2,南西,9.8,南西,10,15:20,1012.3,1022.3,--,14.4,36,3.9,南西,7.5,西南西,10,15:30,1012.2,1022.2,--,14.5,36,4.5,南西,8.6,南西,10,15:40,1012.2,1022.1,--,14.8,36,3.9,西南西,7.2,西北西,10,15:50,1012.1,1022.1,--,14.4,36,4.2,南西,7.7,南西,10,16:00,1012.2,1022.1,--,15.2,38,4.2,西南西,7.5,西,10,16:10,1012.2,1022.1,--,14.9,38,3.6,南西,7.4,西,10,16:20,1012.2,1022.2,--,14.4,39,3.0,西南西,6.1,西,10,16:30,1012.0,1022.0,--,14.2,40,3.6,南西,7.9,南西,10,16:40,1012.0,1022.0,--,14.1,41,3.4,南西,7.2,西南西,7,16:50,1012.1,1022.1,--,14.2,40,3.4,西南西,7.0,南西,7,17:00,1012.2,1022.2,--,14.2,41,3.6,西南西,7.2,西,4,17:10,1012.1,1022.1,--,13.7,42,3.3,南南西,7.2,南西,10,17:20,1012.1,1022.1,--,13.8,42,3.2,南西,6.5,西南西,10,17:30,1012.2,1022.2,--,13.5,43,2.7,西南西,6.9,西,0,17:40,1012.3,1022.3,--,13.6,44,3.5,西南西,7.0,西南西,4,17:50,1012.2,1022.2,--,13.4,44,3.0,南西,6.2,西南西,0,18:00,1012.0,1022.0,--,13.4,45,3.3,西南西,7.0,西南西,0,18:10,1012.1,1022.1,--,13.4,45,2.9,南南西,5.4,南西,0,18:20,1012.2,1022.2,--,13.3,45,2.9,西南西,6.6,南西,0,18:30,1012.2,1022.2,--,13.2,45,2.5,西南西,4.9,南西,18:40,1012.2,1022.2,--,13.4,45,1.8,西南西,4.0,西北西,18:50,1012.3,1022.3,--,13.2,46,2.6,西,5.0,西北西,19:00,1012.3,1022.3,--,13.1,47,2.4,西南西,5.5,西北西,19:10,1012.5,1022.5,--,13.2,47,2.4,西南西,4.4,西南西,19:20,1012.4,1022.4,--,13.4,46,2.5,西南西,5.8,西南西,19:30,1012.5,1022.5,--,13.1,46,2.0,南西,3.9,南西,19:40,1012.4,1022.4,--,13.1,47,2.0,南西,3.8,南西,19:50,1012.7,1022.7,--,13.1,47,1.7,南西,3.5,西南西,20:00,1012.7,1022.7,--,13.0,48,1.4,南西,2.5,南西,20:10,1012.7,1022.7,--,12.9,49,2.0,南西,3.5,西南西,20:20,1012.8,1022.8,--,12.9,49,1.8,西南西,3.6,西,20:30,1012.8,1022.8,--,12.8,49,1.8,南西,3.8,西南西,20:40,1012.8,1022.8,--,12.6,50,1.9,南南西,3.9,南西,20:50,1012.6,1022.6,--,12.7,50,1.4,南南西,2.8,南南西,21:00,1012.5,1022.5,--,12.7,50,1.2,南南西,2.0,南西,21:10,1012.6,1022.6,--,12.6,50,1.2,南南西,1.7,南南西,21:20,1012.7,1022.7,--,12.5,51,1.1,南西,1.8,西南西,21:30,1012.6,1022.6,--,12.9,52,1.3,西南西,2.1,南西,21:40,1012.6,1022.6,--,12.7,52,1.0,南西,1.8,西南西,21:50,1012.5,1022.5,--,12.5,53,0.6,南西,1.3,南西,22:00,1012.4,1022.4,--,12.8,53,0.7,西南西,1.3,西南西,22:10,1012.4,1022.4,--,12.4,54,0.4,西南西,0.8,南西,22:20,1012.2,1022.2,--,12.9,53,0.7,東南東,1.4,東,22:30,1012.2,1022.2,--,12.3,56,1.1,東南東,1.6,東南東,22:40,1012.0,1022.1,--,12.1,57,1.5,南東,2.3,南東,22:50,1012.1,1022.2,--,12.0,57,1.3,東南東,2.2,東南東,23:00,1012.1,1022.2,--,12.0,57,0.9,東南東,1.6,東南東,23:10,1012.2,1022.3,--,12.1,58,0.7,南,1.0,南東,23:20,1012.3,1022.4,--,11.8,59,0.8,南南西,1.1,南南西,23:30,1012.5,1022.6,--,11.6,56,1.1,南南西,1.4,南南西,23:40,1012.5,1022.6,--,12.0,56,0.8,西南西,1.2,南西,23:50,1012.3,1022.4,--,11.7,57,0.7,西,1.4,西南西,24:00,1012.4,1022.5,--,11.4,59,0.4,東,0.7,東北東"
name,time
,"00:10,1012.4,1022.5,--,10.9,63,0.7,北北東,1.0,北北東,00:20,1012.5,1022.6,--,11.5,59,0.5,南西,1.0,北北東,00:30,1012.5,1022.6,--,11.2,61,0.8,南,1.2,南,00:40,1012.3,1022.4,--,10.8,62,0.4,東,0.7,東北東,00:50,1012.3,1022.4,--,11.3,59,0.1,静穏,0.6,東北東,01:00,1012.1,1022.2,--,10.7,63,0.1,静穏,0.5,東北東,01:10,1012.0,1022.1,--,11.4,60,1.2,東北東,2.1,北東,01:20,1011.9,1022.0,--,11.2,60,1.0,北東,1.5,北東,01:30,1011.8,1021.9,--,11.0,61,1.2,東北東,1.7,東,01:40,1011.7,1021.8,--,11.1,61,0.9,東北東,1.7,東北東,01:50,1011.8,1021.9,--,11.1,61,1.0,東北東,1.7,北東,02:00,1011.6,1021.7,--,11.0,61,0.4,東北東,0.8,北東,02:10,1011.4,1021.5,--,10.7,63,0.8,北東,1.4,北北東,02:20,1011.4,1021.5,--,10.8,62,1.0,北北東,1.5,北,02:30,1011.0,1021.1,--,10.8,63,1.5,北北東,2.2,北北東,02:40,1011.0,1021.1,--,10.9,61,1.5,北,2.3,北北東,02:50,1011.1,1021.2,--,10.8,62,1.8,北,2.7,北,03:00,1010.9,1021.0,--,10.8,61,1.8,北,2.6,北北東,03:10,1011.0,1021.1,0.0,11.0,59,1.2,北,1.7,北,03:20,1011.0,1021.1,--,11.0,59,1.9,北北東,2.9,北,03:30,1011.1,1021.2,--,10.8,60,1.3,北,2.4,北,03:40,1011.3,1021.4,0.0,10.9,63,1.4,西北西,2.8,西北西,03:50,1011.2,1021.3,0.0,10.4,72,0.5,東,1.6,北北西,04:00,1011.2,1021.3,0.0,10.1,76,0.4,北東,1.0,北東,04:10,1011.3,1021.4,0.0,10.4,73,1.1,南南東,1.7,南,04:20,1011.0,1021.1,--,10.6,68,1.0,南,1.6,南南東,04:30,1011.1,1021.2,--,10.8,66,1.1,東南東,2.2,東南東,04:40,1011.0,1021.1,--,10.4,71,1.1,東北東,1.8,東,04:50,1010.7,1020.8,--,10.6,69,1.1,南東,2.1,南東,05:00,1010.8,1020.9,--,10.7,68,1.2,南,2.1,南東,05:10,1010.9,1021.0,--,10.4,72,0.8,東南東,1.7,南東,05:20,1010.9,1021.0,--,10.5,71,0.9,南南東,1.5,東,05:30,1010.9,1021.0,--,10.7,72,1.1,南南西,1.7,南南西,05:40,1010.8,1020.9,--,10.6,73,1.2,南,1.7,南南東,05:50,1010.7,1020.8,--,10.4,73,1.4,南南東,2.0,南,0,06:00,1010.9,1021.0,--,10.5,71,1.1,南西,1.6,西南西,0,06:10,1010.9,1021.0,--,10.1,76,0.4,北西,0.9,西,0,06:20,1011.0,1021.1,--,10.3,75,0.5,西南西,1.0,西,0,06:30,1011.0,1021.1,--,10.7,71,0.3,南西,1.1,西北西,0,06:40,1010.9,1021.0,--,10.6,72,0.5,東,1.2,西北西,0,06:50,1011.0,1021.1,--,10.7,72,0.5,東,1.0,北東,8,07:00,1010.6,1020.7,--,10.9,72,1.4,北東,2.5,北東,10,07:10,1010.8,1020.9,--,11.2,71,1.7,北北東,2.6,北北東,10,07:20,1010.9,1021.0,--,11.4,67,1.6,北北東,2.5,北,9,07:30,1011.1,1021.1,--,11.9,66,1.4,北,2.2,北,8,07:40,1011.0,1021.0,--,11.9,66,1.1,北,2.4,北,0,07:50,1010.9,1020.9,--,12.2,63,1.8,北北東,3.3,北,4,08:00,1011.2,1021.2,--,12.2,63,2.1,北北東,3.7,北北東,5,08:10,1011.2,1021.2,--,12.6,62,1.5,北北東,3.1,北東,9,08:20,1011.1,1021.1,--,12.8,61,2.0,東北東,2.6,北東,8,08:30,1011.1,1021.1,--,13.0,61,1.4,北東,2.7,北北東,10,08:40,1011.0,1021.0,--,13.1,60,1.7,北東,3.5,東北東,10,08:50,1010.8,1020.8,--,13.4,60,1.1,北東,2.5,東,10,09:00,1010.7,1020.7,--,13.8,59,0.8,東北東,1.9,東,10,09:10,1010.8,1020.8,--,14.2,60,1.5,南東,3.1,南,10,09:20,1010.7,1020.6,--,14.6,57,1.1,南西,2.4,南,10,09:30,1010.8,1020.7,--,15.2,57,0.9,南,2.4,南西,10,09:40,1010.7,1020.6,--,15.0,57,1.9,南南西,3.7,南南東,9,09:50,1010.5,1020.4,--,16.2,55,1.8,南南東,3.7,南南東,10,10:00,1010.6,1020.5,--,15.7,56,2.4,南南西,4.9,南南西,10,10:10,1010.5,1020.4,--,16.2,55,1.7,南西,3.7,南南西,10,10:20,1010.5,1020.4,--,15.7,55,2.7,南南西,5.4,南西,10,10:30,1010.3,1020.2,--,16.6,55,2.8,西南西,4.7,北西,10,10:40,1010.3,1020.2,--,16.4,54,1.9,南南西,3.5,南,10,10:50,1010.2,1020.1,--,16.8,54,2.0,西南西,5.4,南西,10,11:00,1010.2,1020.0,--,17.1,53,2.6,南西,4.5,南西,10,11:10,1010.2,1020.1,--,16.9,52,2.8,西南西,5.6,西,10,11:20,1010.1,1019.9,--,17.7,50,2.5,西南西,5.5,西,10,11:30,1010.1,1019.9,--,17.8,51,3.3,西,5.6,西北西,10,11:40,1009.9,1019.7,--,17.6,50,2.6,南西,6.0,南西,10,11:50,1009.8,1019.6,--,17.7,51,3.0,西南西,5.9,南西,10,12:00,1009.6,1019.4,--,17.9,51,3.2,西南西,6.0,西,10,12:10,1009.5,1019.3,--,17.9,51,3.1,南西,5.9,南西,10,12:20,1009.4,1019.2,--,17.8,51,4.1,西,7.5,西,10,12:30,1009.3,1019.1,--,18.4,49,2.9,西南西,6.8,南西,10,12:40,1009.1,1018.9,--,18.2,52,3.2,西南西,6.1,西南西,10,12:50,1008.9,1018.7,--,18.2,52,3.4,西南西,6.8,西北西,10,13:00,1008.7,1018.5,--,17.4,52,4.6,南西,7.7,西南西,10,13:10,1008.5,1018.3,--,17.9,53,3.7,南西,6.5,南西,10,13:20,1008.3,1018.1,--,18.1,51,3.5,西,6.4,南西,10,13:30,1008.1,1017.9,--,17.5,54,3.3,南西,6.2,南西,10,13:40,1008.0,1017.8,--,17.4,54,3.5,西南西,7.1,西,10,13:50,1007.8,1017.6,--,18.1,54,4.3,南西,7.4,南西,10,14:00,1007.8,1017.6,--,17.6,53,4.0,南南西,7.2,南西,10,14:10,1007.5,1017.3,--,18.1,53,3.6,南南西,7.1,南西,10,14:20,1007.2,1017.0,--,17.7,53,3.2,南西,7.2,南南西,10,14:30,1007.2,1017.0,--,18.1,52,3.5,西南西,6.4,西南西,10,14:40,1007.1,1016.9,--,18.1,53,3.4,南西,6.3,南南西,10,14:50,1007.0,1016.8,--,18.5,50,3.3,南西,6.1,西南西,10,15:00,1007.1,1016.9,--,18.3,52,3.1,西南西,5.8,西南西,10,15:10,1007.2,1017.0,--,18.3,52,4.0,西南西,7.1,西,10,15:20,1007.1,1016.9,--,18.0,51,4.1,西南西,7.2,西,10,15:30,1007.1,1016.9,--,18.0,51,3.5,西南西,7.7,西,10,15:40,1007.1,1016.9,--,17.8,52,2.9,南西,6.1,西南西,10,15:50,1006.9,1016.7,--,17.8,52,3.4,南西,8.0,南西,10,16:00,1007.0,1016.8,--,18.1,52,3.1,南西,5.9,西南西,10,16:10,1007.2,1017.0,--,18.2,53,3.2,南西,6.6,西,10,16:20,1007.2,1017.0,--,17.7,53,3.9,南西,6.8,西南西,10,16:30,1007.3,1017.1,--,17.8,53,3.0,西南西,5.8,西南西,9,16:40,1007.3,1017.1,--,17.2,54,3.0,南西,6.3,西南西,2,16:50,1007.3,1017.1,--,17.1,55,3.6,西,6.4,西北西,0,17:00,1007.1,1016.9,0.0,17.3,53,2.4,西南西,5.7,西南西,7,17:10,1007.4,1017.2,--,16.9,54,2.6,南西,5.8,西,2,17:20,1007.3,1017.1,--,16.8,55,1.9,南西,4.2,南南西,1,17:30,1007.3,1017.1,0.0,16.8,55,2.1,西南西,3.6,西南西,0,17:40,1007.3,1017.1,0.0,16.7,54,1.4,西北西,3.3,西北西,0,17:50,1007.4,1017.2,0.0,16.7,54,1.7,西,3.7,西北西,0,18:00,1007.4,1017.2,0.0,16.3,56,2.0,西北西,3.1,北西,0,18:10,1007.6,1017.4,--,16.4,56,1.1,北西,2.9,北西,0,18:20,1007.6,1017.4,--,16.5,55,0.8,西,1.8,西南西,0,18:30,1007.8,1017.6,--,16.3,57,0.8,北西,1.7,北西,18:40,1007.7,1017.5,--,16.7,55,1.2,北,2.7,北北東,18:50,1007.6,1017.4,--,16.3,56,2.0,北北東,3.4,北北東,19:00,1007.8,1017.6,--,16.4,55,3.2,北北東,6.6,北北東,19:10,1008.0,1017.9,--,16.3,49,4.4,北,7.7,北,19:20,1008.1,1017.9,--,16.4,48,3.9,北,7.4,北,19:30,1008.4,1018.3,--,16.3,47,3.5,北,6.9,北,19:40,1008.5,1018.4,--,16.1,48,3.0,北,5.6,北,19:50,1008.6,1018.5,--,16.0,48,3.1,北,5.4,北北西,20:00,1008.7,1018.6,--,15.7,49,2.9,北北東,5.7,北,20:10,1008.8,1018.7,--,15.4,51,3.4,北北東,7.0,北北東,20:20,1008.9,1018.8,--,15.1,52,4.6,北北東,7.9,北北東,20:30,1008.9,1018.8,--,14.8,53,5.0,北北東,7.9,北,20:40,1009.0,1018.9,--,14.6,52,3.9,北北東,8.8,北東,20:50,1009.3,1019.2,--,14.3,52,3.8,北東,7.7,北東,21:00,1009.2,1019.1,--,14.1,52,2.3,北北東,4.1,北東,21:10,1009.3,1019.3,--,14.0,53,3.7,北北東,5.9,北東,21:20,1009.5,1019.5,--,13.8,53,4.3,北北東,6.4,北北東,21:30,1009.5,1019.5,--,13.6,55,3.8,北北東,6.2,北北東,21:40,1009.6,1019.6,--,13.6,55,3.1,北北東,6.1,北北東,21:50,1009.7,1019.7,--,13.6,55,3.5,北北東,6.1,北北東,22:00,1009.9,1019.9,--,13.4,56,3.7,北北東,7.2,北東,22:10,1009.9,1019.9,--,13.2,57,2.7,北北東,5.3,北北東,22:20,1009.9,1019.9,--,13.2,58,2.6,北北東,4.3,北東,22:30,1010.1,1020.1,--,13.2,59,2.3,北東,3.7,北東,22:40,1010.3,1020.3,--,13.1,60,1.5,北東,2.8,北北東,22:50,1010.4,1020.4,--,13.0,61,1.4,北東,3.1,東北東,23:00,1010.5,1020.5,--,13.0,60,3.3,北東,5.1,北北東,23:10,1010.5,1020.5,--,12.7,61,3.4,北北東,6.0,北東,23:20,1010.5,1020.5,--,12.7,61,2.6,北北東,4.5,北東,23:30,1010.7,1020.7,--,12.7,60,2.8,北東,4.9,北北東,23:40,1010.6,1020.6,--,12.5,58,3.3,北北東,6.1,北北東,23:50,1010.5,1020.5,--,12.5,57,3.5,北北東,6.9,北北東,24:00,1010.3,1020.3,--,12.4,55,3.7,北北東,7.5,北東"
name,time
,"00:10,1010.3,1020.3,--,12.3,55,2.8,北北東,5.6,北北東,00:20,1010.2,1020.2,--,12.2,55,2.8,北北東,4.6,北北西,00:30,1010.2,1020.2,--,12.2,56,3.0,北北東,5.4,北東,00:40,1010.2,1020.2,--,12.1,56,2.5,北北東,4.4,北東,00:50,1010.2,1020.2,--,12.0,58,2.6,北北東,5.9,北北東,01:00,1010.1,1020.1,--,11.9,58,2.3,北東,4.0,北北東,01:10,1010.2,1020.2,--,11.9,59,1.8,北東,3.2,北東,01:20,1009.9,1019.9,--,11.7,60,2.8,北北東,4.6,北東,01:30,1009.8,1019.8,--,11.6,60,2.5,北北東,4.1,北北東,01:40,1009.9,1020.0,--,11.3,60,2.1,北東,3.5,北東,01:50,1009.9,1020.0,--,11.5,57,2.3,北北東,4.7,北北東,02:00,1009.8,1019.9,--,11.3,57,3.1,北北東,5.2,北北東,02:10,1009.6,1019.7,--,10.9,60,3.0,北北東,4.9,北,02:20,1009.5,1019.6,--,10.9,59,4.0,北北東,6.3,北,02:30,1009.4,1019.5,--,10.8,56,3.2,北北東,6.2,北東,02:40,1009.5,1019.6,--,10.6,57,3.1,北北東,5.6,北,02:50,1009.5,1019.6,--,10.4,58,2.9,北,4.8,北,03:00,1009.2,1019.3,--,10.4,58,2.8,北北東,5.3,北,03:10,1009.3,1019.4,--,10.4,58,2.6,北北東,5.0,北東,03:20,1009.1,1019.2,--,10.4,58,3.0,北北東,4.6,北北東,03:30,1009.3,1019.4,--,10.2,59,2.7,北北東,4.5,北北東,03:40,1009.3,1019.4,--,10.2,60,2.8,北,5.4,北,03:50,1009.3,1019.4,--,10.2,60,3.3,北北東,5.9,北北東,04:00,1009.1,1019.2,--,10.1,60,2.9,北北東,4.8,北北東,04:10,1009.3,1019.4,--,10.0,61,2.9,北北東,5.5,北北東,04:20,1009.5,1019.6,--,10.1,60,3.4,北北東,6.3,北北東,04:30,1009.4,1019.5,--,10.1,61,4.5,北北東,6.7,北北東,04:40,1009.5,1019.6,--,10.1,61,3.5,北北東,5.8,北,04:50,1009.7,1019.8,--,10.1,61,3.6,北北東,6.1,北北東,05:00,1009.6,1019.7,--,10.0,61,2.9,北北東,5.1,北北東,05:10,1009.5,1019.6,--,10.0,61,3.5,北北東,5.5,北北東,05:20,1009.4,1019.5,--,9.8,62,3.5,北北東,5.6,北,05:30,1009.3,1019.4,--,9.8,61,2.9,北北東,4.7,北,05:40,1009.4,1019.5,--,9.8,61,3.3,北北東,4.8,北北東,05:50,1009.3,1019.4,--,9.8,61,2.7,北北東,4.7,北北東,0,06:00,1009.1,1019.2,--,9.6,62,2.9,北東,4.8,北東,0,06:10,1009.1,1019.2,--,9.6,62,2.8,北北東,4.6,北,0,06:20,1009.4,1019.5,--,9.9,62,2.8,北北東,4.9,北北東,0,06:30,1009.2,1019.3,--,9.7,62,3.8,北東,5.5,北東,0,06:40,1009.1,1019.2,--,9.8,61,3.4,北北東,5.7,北北東,0,06:50,1009.0,1019.1,--,9.7,61,3.2,北北東,5.4,北,0,07:00,1009.0,1019.1,--,9.8,61,3.6,北北東,5.6,北北東,0,07:10,1009.0,1019.1,--,9.8,61,3.0,北北東,5.3,北北東,0,07:20,1008.7,1018.8,--,9.7,60,3.3,北北東,5.2,北東,0,07:30,1008.5,1018.6,--,9.8,61,3.3,北北東,4.8,北北東,0,07:40,1008.4,1018.5,--,9.8,60,3.9,北北東,5.9,北北東,0,07:50,1008.1,1018.2,--,9.7,60,4.0,北北東,6.4,北北東,0,08:00,1007.8,1017.9,--,9.9,60,4.0,北北東,6.3,北北東,0,08:10,1007.6,1017.7,--,10.0,59,3.8,北北東,7.1,北北東,0,08:20,1007.5,1017.6,--,10.0,58,4.4,北北東,6.7,北東,0,08:30,1007.5,1017.6,--,10.0,58,3.7,北東,6.7,北北東,0,08:40,1007.5,1017.6,--,10.2,58,3.1,北東,6.3,北,0,08:50,1007.6,1017.7,--,10.1,58,3.2,北東,5.5,北北東,0,09:00,1007.5,1017.6,--,10.3,57,4.3,北東,7.4,北北東,0,09:10,1007.8,1017.9,--,10.3,56,3.6,北東,6.2,北,0,09:20,1007.9,1018.0,--,10.3,55,3.9,北北東,6.9,北北東,0,09:30,1007.9,1018.0,--,10.4,55,3.9,北東,6.8,北東,0,09:40,1008.0,1018.1,--,10.5,54,3.7,北東,6.6,北東,0,09:50,1008.0,1018.1,--,10.8,54,3.5,北東,7.0,北北東,0,10:00,1007.7,1017.7,--,11.3,54,5.7,北東,9.1,北東,0,10:10,1007.7,1017.7,--,11.3,54,5.2,北東,8.2,北東,0,10:20,1007.7,1017.8,--,10.9,53,3.9,北北東,6.7,北北東,0,10:30,1007.7,1017.8,--,10.9,53,4.2,北北東,6.6,北北東,0,10:40,1007.6,1017.6,--,11.1,49,3.0,北北東,5.0,北,0,10:50,1007.4,1017.4,--,11.2,48,4.5,北北東,7.2,北東,0,11:00,1007.4,1017.4,--,11.1,49,5.1,北北東,8.3,北北東,0,11:10,1007.6,1017.6,0.0,11.2,54,4.0,北北東,7.7,北北東,0,11:20,1008.1,1018.2,0.0,10.2,62,4.4,北北東,8.5,北北東,0,11:30,1007.8,1017.9,0.0,9.5,69,4.3,北北東,6.8,北北東,0,11:40,1007.7,1017.8,0.0,9.5,69,2.9,北東,5.2,北北東,0,11:50,1007.2,1017.3,0.5,9.3,75,2.9,北東,5.1,北北東,0,12:00,1007.2,1017.3,0.0,9.1,75,3.1,北東,5.6,北東,0,12:10,1007.3,1017.4,0.0,8.9,77,3.1,北北東,6.7,北北東,0,12:20,1007.1,1017.2,0.5,8.7,82,3.5,北北東,5.9,北北東,0,12:30,1007.4,1017.5,0.5,8.4,81,4.0,北北東,6.4,北,0,12:40,1007.5,1017.6,0.5,8.4,83,3.8,北北東,5.9,北北東,0,12:50,1007.3,1017.4,0.5,8.3,83,3.6,北北東,6.7,北北東,0,13:00,1007.5,1017.7,1.0,8.1,83,3.5,北北東,6.7,北,0,13:10,1007.4,1017.6,1.0,7.7,85,3.5,北北東,5.7,北東,0,13:20,1007.5,1017.7,0.5,7.4,86,3.6,北北東,8.3,北北東,0,13:30,1007.6,1017.8,1.0,7.7,88,5.1,北北東,8.3,北北東,0,13:40,1007.8,1018.0,0.5,7.2,85,5.3,北北東,8.8,北,0,13:50,1007.6,1017.8,0.5,7.0,86,3.6,北北東,6.4,北北東,0,14:00,1007.3,1017.5,0.5,6.7,84,4.0,北北東,7.3,北北東,0,14:10,1007.3,1017.5,0.5,6.7,85,3.6,北北東,6.1,北北東,0,14:20,1007.0,1017.2,0.5,6.7,86,3.3,北北東,6.8,北北東,0,14:30,1007.0,1017.2,0.5,6.9,88,3.8,北北東,6.8,北北東,0,14:40,1006.9,1017.1,0.0,6.8,88,3.7,東北東,7.7,東北東,0,14:50,1006.6,1016.8,0.5,7.0,88,3.9,北東,6.4,北東,0,15:00,1006.4,1016.6,0.0,6.9,87,3.5,北東,6.2,北東,0,15:10,1006.2,1016.4,0.0,6.8,88,4.3,北東,6.8,東北東,0,15:20,1006.2,1016.4,0.0,6.8,88,4.0,東北東,7.5,東北東,0,15:30,1006.1,1016.3,0.0,6.8,87,3.4,北東,5.6,北北東,0,15:40,1005.8,1016.0,0.0,6.8,87,3.4,北東,5.9,東北東,0,15:50,1005.9,1016.1,0.0,7.0,87,4.9,北北東,8.2,北北東,0,16:00,1005.7,1015.9,0.0,6.9,83,4.1,北北東,7.4,北北東,0,16:10,1005.6,1015.8,0.0,7.0,84,4.1,北北東,8.3,北東,0,16:20,1005.4,1015.6,0.0,6.9,83,3.7,北北東,6.9,北東,0,16:30,1005.3,1015.5,0.0,6.8,83,4.3,北東,7.4,北東,0,16:40,1005.2,1015.4,0.5,6.8,83,3.7,北北東,5.9,北東,0,16:50,1005.2,1015.4,0.0,6.9,85,3.9,北東,7.6,北東,0,17:00,1005.3,1015.5,0.0,6.8,86,2.5,北東,4.3,北東,0,17:10,1005.5,1015.7,0.5,6.8,86,3.7,東北東,6.5,北北東,0,17:20,1005.6,1015.8,0.0,6.8,86,3.7,東北東,6.5,北北東,0,17:30,1005.5,1015.7,0.5,6.7,87,3.7,東北東,7.1,東北東,0,17:40,1005.5,1015.7,0.0,6.5,88,3.7,東北東,5.9,北東,0,17:50,1005.3,1015.5,0.5,6.4,88,4.2,東北東,6.7,北東,0,18:00,1005.5,1015.7,0.5,6.3,88,4.2,東北東,7.0,北東,0,18:10,1005.4,1015.6,0.5,6.2,88,3.6,北東,6.9,東北東,0,18:20,1005.4,1015.6,0.5,6.1,89,4.0,東北東,7.5,東北東,0,18:30,1005.4,1015.6,0.0,5.9,89,2.9,東北東,5.7,東北東,18:40,1005.3,1015.5,0.5,5.9,89,3.9,東北東,6.8,北東,18:50,1005.2,1015.4,0.0,6.0,90,3.9,東北東,5.8,東,19:00,1005.2,1015.4,0.5,5.9,90,3.1,北東,5.3,北東,19:10,1005.4,1015.6,0.0,6.0,90,3.6,東北東,6.1,北東,19:20,1005.2,1015.4,0.0,6.1,89,3.9,東北東,5.8,北東,19:30,1005.3,1015.5,0.5,6.0,89,4.5,東北東,6.6,東北東,19:40,1005.2,1015.4,0.0,5.9,91,4.0,東北東,6.3,東北東,19:50,1005.1,1015.3,0.0,5.9,90,3.1,北東,5.3,北東,20:00,1005.1,1015.3,0.0,6.0,91,2.9,北東,5.6,東北東,20:10,1005.0,1015.2,0.0,5.9,92,3.5,北東,6.0,東北東,20:20,1004.8,1015.0,0.0,5.9,92,3.3,北東,6.1,東北東,20:30,1004.7,1014.9,0.0,6.1,92,3.4,北東,5.9,東北東,20:40,1004.6,1014.8,0.0,6.0,91,3.0,北東,5.2,北東,20:50,1004.5,1014.7,0.0,6.0,91,2.7,北東,4.9,東北東,21:00,1004.4,1014.6,0.0,6.1,91,2.9,北東,5.5,北東,21:10,1004.5,1014.7,0.0,6.0,91,3.2,北東,5.8,東北東,21:20,1004.4,1014.6,0.0,6.1,91,3.2,北東,5.5,東北東,21:30,1004.5,1014.7,0.5,6.1,91,3.6,北東,6.5,北東,21:40,1004.8,1015.0,0.0,6.1,90,2.5,北東,5.0,東北東,21:50,1004.9,1015.1,0.0,6.1,90,3.3,北東,6.4,北東,22:00,1004.8,1015.0,0.0,6.1,90,3.5,北東,5.8,北北東,22:10,1004.8,1015.0,0.0,6.0,90,3.0,北東,5.3,北東,22:20,1005.0,1015.2,0.0,5.9,91,2.6,北東,5.0,北北東,22:30,1005.0,1015.2,0.5,6.0,91,3.2,北北東,5.2,北東,22:40,1005.0,1015.2,0.0,5.9,91,2.7,北北東,4.9,北東,22:50,1004.8,1015.0,0.0,5.8,91,2.8,北北東,4.5,北,23:00,1004.9,1015.1,0.0,5.8,91,3.9,北東,6.8,北東,23:10,1005.1,1015.3,0.0,5.9,92,4.0,北北東,6.1,北北東,23:20,1004.9,1015.1,0.5,5.9,92,3.7,北北東,6.1,北東,23:30,1004.7,1014.9,0.0,5.8,92,3.4,北北東,6.7,北東,23:40,1004.8,1015.0,0.0,5.9,92,3.9,北北東,6.8,北北東,23:50,1004.2,1014.4,0.0,5.9,92,3.1,北北東,5.6,北東,24:00,1004.3,1014.5,0.0,6.0,93,3.5,北東,6.4,北東"
name,time
,"00:10,1010.3,1020.3,--,12.3,55,2.8,北北東,5.6,北北東,00:20,1010.2,1020.2,--,12.2,55,2.8,北北東,4.6,北北西,00:30,1010.2,1020.2,--,12.2,56,3.0,北北東,5.4,北東,00:40,1010.2,1020.2,--,12.1,56,2.5,北北東,4.4,北東,00:50,1010.2,1020.2,--,12.0,58,2.6,北北東,5.9,北北東,01:00,1010.1,1020.1,--,11.9,58,2.3,北東,4.0,北北東,01:10,1010.2,1020.2,--,11.9,59,1.8,北東,3.2,北東,01:20,1009.9,1019.9,--,11.7,60,2.8,北北東,4.6,北東,01:30,1009.8,1019.8,--,11.6,60,2.5,北北東,4.1,北北東,01:40,1009.9,1020.0,--,11.3,60,2.1,北東,3.5,北東,01:50,1009.9,1020.0,--,11.5,57,2.3,北北東,4.7,北北東,02:00,1009.8,1019.9,--,11.3,57,3.1,北北東,5.2,北北東,02:10,1009.6,1019.7,--,10.9,60,3.0,北北東,4.9,北,02:20,1009.5,1019.6,--,10.9,59,4.0,北北東,6.3,北,02:30,1009.4,1019.5,--,10.8,56,3.2,北北東,6.2,北東,02:40,1009.5,1019.6,--,10.6,57,3.1,北北東,5.6,北,02:50,1009.5,1019.6,--,10.4,58,2.9,北,4.8,北,03:00,1009.2,1019.3,--,10.4,58,2.8,北北東,5.3,北,03:10,1009.3,1019.4,--,10.4,58,2.6,北北東,5.0,北東,03:20,1009.1,1019.2,--,10.4,58,3.0,北北東,4.6,北北東,03:30,1009.3,1019.4,--,10.2,59,2.7,北北東,4.5,北北東,03:40,1009.3,1019.4,--,10.2,60,2.8,北,5.4,北,03:50,1009.3,1019.4,--,10.2,60,3.3,北北東,5.9,北北東,04:00,1009.1,1019.2,--,10.1,60,2.9,北北東,4.8,北北東,04:10,1009.3,1019.4,--,10.0,61,2.9,北北東,5.5,北北東,04:20,1009.5,1019.6,--,10.1,60,3.4,北北東,6.3,北北東,04:30,1009.4,1019.5,--,10.1,61,4.5,北北東,6.7,北北東,04:40,1009.5,1019.6,--,10.1,61,3.5,北北東,5.8,北,04:50,1009.7,1019.8,--,10.1,61,3.6,北北東,6.1,北北東,05:00,1009.6,1019.7,--,10.0,61,2.9,北北東,5.1,北北東,05:10,1009.5,1019.6,--,10.0,61,3.5,北北東,5.5,北北東,05:20,1009.4,1019.5,--,9.8,62,3.5,北北東,5.6,北,05:30,1009.3,1019.4,--,9.8,61,2.9,北北東,4.7,北,05:40,1009.4,1019.5,--,9.8,61,3.3,北北東,4.8,北北東,05:50,1009.3,1019.4,--,9.8,61,2.7,北北東,4.7,北北東,0,06:00,1009.1,1019.2,--,9.6,62,2.9,北東,4.8,北東,0,06:10,1009.1,1019.2,--,9.6,62,2.8,北北東,4.6,北,0,06:20,1009.4,1019.5,--,9.9,62,2.8,北北東,4.9,北北東,0,06:30,1009.2,1019.3,--,9.7,62,3.8,北東,5.5,北東,0,06:40,1009.1,1019.2,--,9.8,61,3.4,北北東,5.7,北北東,0,06:50,1009.0,1019.1,--,9.7,61,3.2,北北東,5.4,北,0,07:00,1009.0,1019.1,--,9.8,61,3.6,北北東,5.6,北北東,0,07:10,1009.0,1019.1,--,9.8,61,3.0,北北東,5.3,北北東,0,07:20,1008.7,1018.8,--,9.7,60,3.3,北北東,5.2,北東,0,07:30,1008.5,1018.6,--,9.8,61,3.3,北北東,4.8,北北東,0,07:40,1008.4,1018.5,--,9.8,60,3.9,北北東,5.9,北北東,0,07:50,1008.1,1018.2,--,9.7,60,4.0,北北東,6.4,北北東,0,08:00,1007.8,1017.9,--,9.9,60,4.0,北北東,6.3,北北東,0,08:10,1007.6,1017.7,--,10.0,59,3.8,北北東,7.1,北北東,0,08:20,1007.5,1017.6,--,10.0,58,4.4,北北東,6.7,北東,0,08:30,1007.5,1017.6,--,10.0,58,3.7,北東,6.7,北北東,0,08:40,1007.5,1017.6,--,10.2,58,3.1,北東,6.3,北,0,08:50,1007.6,1017.7,--,10.1,58,3.2,北東,5.5,北北東,0,09:00,1007.5,1017.6,--,10.3,57,4.3,北東,7.4,北北東,0,09:10,1007.8,1017.9,--,10.3,56,3.6,北東,6.2,北,0,09:20,1007.9,1018.0,--,10.3,55,3.9,北北東,6.9,北北東,0,09:30,1007.9,1018.0,--,10.4,55,3.9,北東,6.8,北東,0,09:40,1008.0,1018.1,--,10.5,54,3.7,北東,6.6,北東,0,09:50,1008.0,1018.1,--,10.8,54,3.5,北東,7.0,北北東,0,10:00,1007.7,1017.7,--,11.3,54,5.7,北東,9.1,北東,0,10:10,1007.7,1017.7,--,11.3,54,5.2,北東,8.2,北東,0,10:20,1007.7,1017.8,--,10.9,53,3.9,北北東,6.7,北北東,0,10:30,1007.7,1017.8,--,10.9,53,4.2,北北東,6.6,北北東,0,10:40,1007.6,1017.6,--,11.1,49,3.0,北北東,5.0,北,0,10:50,1007.4,1017.4,--,11.2,48,4.5,北北東,7.2,北東,0,11:00,1007.4,1017.4,--,11.1,49,5.1,北北東,8.3,北北東,0,11:10,1007.6,1017.6,0.0,11.2,54,4.0,北北東,7.7,北北東,0,11:20,1008.1,1018.2,0.0,10.2,62,4.4,北北東,8.5,北北東,0,11:30,1007.8,1017.9,0.0,9.5,69,4.3,北北東,6.8,北北東,0,11:40,1007.7,1017.8,0.0,9.5,69,2.9,北東,5.2,北北東,0,11:50,1007.2,1017.3,0.5,9.3,75,2.9,北東,5.1,北北東,0,12:00,1007.2,1017.3,0.0,9.1,75,3.1,北東,5.6,北東,0,12:10,1007.3,1017.4,0.0,8.9,77,3.1,北北東,6.7,北北東,0,12:20,1007.1,1017.2,0.5,8.7,82,3.5,北北東,5.9,北北東,0,12:30,1007.4,1017.5,0.5,8.4,81,4.0,北北東,6.4,北,0,12:40,1007.5,1017.6,0.5,8.4,83,3.8,北北東,5.9,北北東,0,12:50,1007.3,1017.4,0.5,8.3,83,3.6,北北東,6.7,北北東,0,13:00,1007.5,1017.7,1.0,8.1,83,3.5,北北東,6.7,北,0,13:10,1007.4,1017.6,1.0,7.7,85,3.5,北北東,5.7,北東,0,13:20,1007.5,1017.7,0.5,7.4,86,3.6,北北東,8.3,北北東,0,13:30,1007.6,1017.8,1.0,7.7,88,5.1,北北東,8.3,北北東,0,13:40,1007.8,1018.0,0.5,7.2,85,5.3,北北東,8.8,北,0,13:50,1007.6,1017.8,0.5,7.0,86,3.6,北北東,6.4,北北東,0,14:00,1007.3,1017.5,0.5,6.7,84,4.0,北北東,7.3,北北東,0,14:10,1007.3,1017.5,0.5,6.7,85,3.6,北北東,6.1,北北東,0,14:20,1007.0,1017.2,0.5,6.7,86,3.3,北北東,6.8,北北東,0,14:30,1007.0,1017.2,0.5,6.9,88,3.8,北北東,6.8,北北東,0,14:40,1006.9,1017.1,0.0,6.8,88,3.7,東北東,7.7,東北東,0,14:50,1006.6,1016.8,0.5,7.0,88,3.9,北東,6.4,北東,0,15:00,1006.4,1016.6,0.0,6.9,87,3.5,北東,6.2,北東,0,15:10,1006.2,1016.4,0.0,6.8,88,4.3,北東,6.8,東北東,0,15:20,1006.2,1016.4,0.0,6.8,88,4.0,東北東,7.5,東北東,0,15:30,1006.1,1016.3,0.0,6.8,87,3.4,北東,5.6,北北東,0,15:40,1005.8,1016.0,0.0,6.8,87,3.4,北東,5.9,東北東,0,15:50,1005.9,1016.1,0.0,7.0,87,4.9,北北東,8.2,北北東,0,16:00,1005.7,1015.9,0.0,6.9,83,4.1,北北東,7.4,北北東,0,16:10,1005.6,1015.8,0.0,7.0,84,4.1,北北東,8.3,北東,0,16:20,1005.4,1015.6,0.0,6.9,83,3.7,北北東,6.9,北東,0,16:30,1005.3,1015.5,0.0,6.8,83,4.3,北東,7.4,北東,0,16:40,1005.2,1015.4,0.5,6.8,83,3.7,北北東,5.9,北東,0,16:50,1005.2,1015.4,0.0,6.9,85,3.9,北東,7.6,北東,0,17:00,1005.3,1015.5,0.0,6.8,86,2.5,北東,4.3,北東,0,17:10,1005.5,1015.7,0.5,6.8,86,3.7,東北東,6.5,北北東,0,17:20,1005.6,1015.8,0.0,6.8,86,3.7,東北東,6.5,北北東,0,17:30,1005.5,1015.7,0.5,6.7,87,3.7,東北東,7.1,東北東,0,17:40,1005.5,1015.7,0.0,6.5,88,3.7,東北東,5.9,北東,0,17:50,1005.3,1015.5,0.5,6.4,88,4.2,東北東,6.7,北東,0,18:00,1005.5,1015.7,0.5,6.3,88,4.2,東北東,7.0,北東,0,18:10,1005.4,1015.6,0.5,6.2,88,3.6,北東,6.9,東北東,0,18:20,1005.4,1015.6,0.5,6.1,89,4.0,東北東,7.5,東北東,0,18:30,1005.4,1015.6,0.0,5.9,89,2.9,東北東,5.7,東北東,18:40,1005.3,1015.5,0.5,5.9,89,3.9,東北東,6.8,北東,18:50,1005.2,1015.4,0.0,6.0,90,3.9,東北東,5.8,東,19:00,1005.2,1015.4,0.5,5.9,90,3.1,北東,5.3,北東,19:10,1005.4,1015.6,0.0,6.0,90,3.6,東北東,6.1,北東,19:20,1005.2,1015.4,0.0,6.1,89,3.9,東北東,5.8,北東,19:30,1005.3,1015.5,0.5,6.0,89,4.5,東北東,6.6,東北東,19:40,1005.2,1015.4,0.0,5.9,91,4.0,東北東,6.3,東北東,19:50,1005.1,1015.3,0.0,5.9,90,3.1,北東,5.3,北東,20:00,1005.1,1015.3,0.0,6.0,91,2.9,北東,5.6,東北東,20:10,1005.0,1015.2,0.0,5.9,92,3.5,北東,6.0,東北東,20:20,1004.8,1015.0,0.0,5.9,92,3.3,北東,6.1,東北東,20:30,1004.7,1014.9,0.0,6.1,92,3.4,北東,5.9,東北東,20:40,1004.6,1014.8,0.0,6.0,91,3.0,北東,5.2,北東,20:50,1004.5,1014.7,0.0,6.0,91,2.7,北東,4.9,東北東,21:00,1004.4,1014.6,0.0,6.1,91,2.9,北東,5.5,北東,21:10,1004.5,1014.7,0.0,6.0,91,3.2,北東,5.8,東北東,21:20,1004.4,1014.6,0.0,6.1,91,3.2,北東,5.5,東北東,21:30,1004.5,1014.7,0.5,6.1,91,3.6,北東,6.5,北東,21:40,1004.8,1015.0,0.0,6.1,90,2.5,北東,5.0,東北東,21:50,1004.9,1015.1,0.0,6.1,90,3.3,北東,6.4,北東,22:00,1004.8,1015.0,0.0,6.1,90,3.5,北東,5.8,北北東,22:10,1004.8,1015.0,0.0,6.0,90,3.0,北東,5.3,北東,22:20,1005.0,1015.2,0.0,5.9,91,2.6,北東,5.0,北北東,22:30,1005.0,1015.2,0.5,6.0,91,3.2,北北東,5.2,北東,22:40,1005.0,1015.2,0.0,5.9,91,2.7,北北東,4.9,北東,22:50,1004.8,1015.0,0.0,5.8,91,2.8,北北東,4.5,北,23:00,1004.9,1015.1,0.0,5.8,91,3.9,北東,6.8,北東,23:10,1005.1,1015.3,0.0,5.9,92,4.0,北北東,6.1,北北東,23:20,1004.9,1015.1,0.5,5.9,92,3.7,北北東,6.1,北東,23:30,1004.7,1014.9,0.0,5.8,92,3.4,北北東,6.7,北東,23:40,1004.8,1015.0,0.0,5.9,92,3.9,北北東,6.8,北北東,23:50,1004.2,1014.4,0.0,5.9,92,3.1,北北東,5.6,北東,24:00,1004.3,1014.5,0.0,6.0,93,3.5,北東,6.4,北東"
name,time
,"00:10,1010.3,1020.3,--,12.3,55,2.8,北北東,5.6,北北東,00:20,1010.2,1020.2,--,12.2,55,2.8,北北東,4.6,北北西,00:30,1010.2,1020.2,--,12.2,56,3.0,北北東,5.4,北東,00:40,1010.2,1020.2,--,12.1,56,2.5,北北東,4.4,北東,00:50,1010.2,1020.2,--,12.0,58,2.6,北北東,5.9,北北東,01:00,1010.1,1020.1,--,11.9,58,2.3,北東,4.0,北北東,01:10,1010.2,1020.2,--,11.9,59,1.8,北東,3.2,北東,01:20,1009.9,1019.9,--,11.7,60,2.8,北北東,4.6,北東,01:30,1009.8,1019.8,--,11.6,60,2.5,北北東,4.1,北北東,01:40,1009.9,1020.0,--,11.3,60,2.1,北東,3.5,北東,01:50,1009.9,1020.0,--,11.5,57,2.3,北北東,4.7,北北東,02:00,1009.8,1019.9,--,11.3,57,3.1,北北東,5.2,北北東,02:10,1009.6,1019.7,--,10.9,60,3.0,北北東,4.9,北,02:20,1009.5,1019.6,--,10.9,59,4.0,北北東,6.3,北,02:30,1009.4,1019.5,--,10.8,56,3.2,北北東,6.2,北東,02:40,1009.5,1019.6,--,10.6,57,3.1,北北東,5.6,北,02:50,1009.5,1019.6,--,10.4,58,2.9,北,4.8,北,03:00,1009.2,1019.3,--,10.4,58,2.8,北北東,5.3,北,03:10,1009.3,1019.4,--,10.4,58,2.6,北北東,5.0,北東,03:20,1009.1,1019.2,--,10.4,58,3.0,北北東,4.6,北北東,03:30,1009.3,1019.4,--,10.2,59,2.7,北北東,4.5,北北東,03:40,1009.3,1019.4,--,10.2,60,2.8,北,5.4,北,03:50,1009.3,1019.4,--,10.2,60,3.3,北北東,5.9,北北東,04:00,1009.1,1019.2,--,10.1,60,2.9,北北東,4.8,北北東,04:10,1009.3,1019.4,--,10.0,61,2.9,北北東,5.5,北北東,04:20,1009.5,1019.6,--,10.1,60,3.4,北北東,6.3,北北東,04:30,1009.4,1019.5,--,10.1,61,4.5,北北東,6.7,北北東,04:40,1009.5,1019.6,--,10.1,61,3.5,北北東,5.8,北,04:50,1009.7,1019.8,--,10.1,61,3.6,北北東,6.1,北北東,05:00,1009.6,1019.7,--,10.0,61,2.9,北北東,5.1,北北東,05:10,1009.5,1019.6,--,10.0,61,3.5,北北東,5.5,北北東,05:20,1009.4,1019.5,--,9.8,62,3.5,北北東,5.6,北,05:30,1009.3,1019.4,--,9.8,61,2.9,北北東,4.7,北,05:40,1009.4,1019.5,--,9.8,61,3.3,北北東,4.8,北北東,05:50,1009.3,1019.4,--,9.8,61,2.7,北北東,4.7,北北東,0,06:00,1009.1,1019.2,--,9.6,62,2.9,北東,4.8,北東,0,06:10,1009.1,1019.2,--,9.6,62,2.8,北北東,4.6,北,0,06:20,1009.4,1019.5,--,9.9,62,2.8,北北東,4.9,北北東,0,06:30,1009.2,1019.3,--,9.7,62,3.8,北東,5.5,北東,0,06:40,1009.1,1019.2,--,9.8,61,3.4,北北東,5.7,北北東,0,06:50,1009.0,1019.1,--,9.7,61,3.2,北北東,5.4,北,0,07:00,1009.0,1019.1,--,9.8,61,3.6,北北東,5.6,北北東,0,07:10,1009.0,1019.1,--,9.8,61,3.0,北北東,5.3,北北東,0,07:20,1008.7,1018.8,--,9.7,60,3.3,北北東,5.2,北東,0,07:30,1008.5,1018.6,--,9.8,61,3.3,北北東,4.8,北北東,0,07:40,1008.4,1018.5,--,9.8,60,3.9,北北東,5.9,北北東,0,07:50,1008.1,1018.2,--,9.7,60,4.0,北北東,6.4,北北東,0,08:00,1007.8,1017.9,--,9.9,60,4.0,北北東,6.3,北北東,0,08:10,1007.6,1017.7,--,10.0,59,3.8,北北東,7.1,北北東,0,08:20,1007.5,1017.6,--,10.0,58,4.4,北北東,6.7,北東,0,08:30,1007.5,1017.6,--,10.0,58,3.7,北東,6.7,北北東,0,08:40,1007.5,1017.6,--,10.2,58,3.1,北東,6.3,北,0,08:50,1007.6,1017.7,--,10.1,58,3.2,北東,5.5,北北東,0,09:00,1007.5,1017.6,--,10.3,57,4.3,北東,7.4,北北東,0,09:10,1007.8,1017.9,--,10.3,56,3.6,北東,6.2,北,0,09:20,1007.9,1018.0,--,10.3,55,3.9,北北東,6.9,北北東,0,09:30,1007.9,1018.0,--,10.4,55,3.9,北東,6.8,北東,0,09:40,1008.0,1018.1,--,10.5,54,3.7,北東,6.6,北東,0,09:50,1008.0,1018.1,--,10.8,54,3.5,北東,7.0,北北東,0,10:00,1007.7,1017.7,--,11.3,54,5.7,北東,9.1,北東,0,10:10,1007.7,1017.7,--,11.3,54,5.2,北東,8.2,北東,0,10:20,1007.7,1017.8,--,10.9,53,3.9,北北東,6.7,北北東,0,10:30,1007.7,1017.8,--,10.9,53,4.2,北北東,6.6,北北東,0,10:40,1007.6,1017.6,--,11.1,49,3.0,北北東,5.0,北,0,10:50,1007.4,1017.4,--,11.2,48,4.5,北北東,7.2,北東,0,11:00,1007.4,1017.4,--,11.1,49,5.1,北北東,8.3,北北東,0,11:10,1007.6,1017.6,0.0,11.2,54,4.0,北北東,7.7,北北東,0,11:20,1008.1,1018.2,0.0,10.2,62,4.4,北北東,8.5,北北東,0,11:30,1007.8,1017.9,0.0,9.5,69,4.3,北北東,6.8,北北東,0,11:40,1007.7,1017.8,0.0,9.5,69,2.9,北東,5.2,北北東,0,11:50,1007.2,1017.3,0.5,9.3,75,2.9,北東,5.1,北北東,0,12:00,1007.2,1017.3,0.0,9.1,75,3.1,北東,5.6,北東,0,12:10,1007.3,1017.4,0.0,8.9,77,3.1,北北東,6.7,北北東,0,12:20,1007.1,1017.2,0.5,8.7,82,3.5,北北東,5.9,北北東,0,12:30,1007.4,1017.5,0.5,8.4,81,4.0,北北東,6.4,北,0,12:40,1007.5,1017.6,0.5,8.4,83,3.8,北北東,5.9,北北東,0,12:50,1007.3,1017.4,0.5,8.3,83,3.6,北北東,6.7,北北東,0,13:00,1007.5,1017.7,1.0,8.1,83,3.5,北北東,6.7,北,0,13:10,1007.4,1017.6,1.0,7.7,85,3.5,北北東,5.7,北東,0,13:20,1007.5,1017.7,0.5,7.4,86,3.6,北北東,8.3,北北東,0,13:30,1007.6,1017.8,1.0,7.7,88,5.1,北北東,8.3,北北東,0,13:40,1007.8,1018.0,0.5,7.2,85,5.3,北北東,8.8,北,0,13:50,1007.6,1017.8,0.5,7.0,86,3.6,北北東,6.4,北北東,0,14:00,1007.3,1017.5,0.5,6.7,84,4.0,北北東,7.3,北北東,0,14:10,1007.3,1017.5,0.5,6.7,85,3.6,北北東,6.1,北北東,0,14:20,1007.0,1017.2,0.5,6.7,86,3.3,北北東,6.8,北北東,0,14:30,1007.0,1017.2,0.5,6.9,88,3.8,北北東,6.8,北北東,0,14:40,1006.9,1017.1,0.0,6.8,88,3.7,東北東,7.7,東北東,0,14:50,1006.6,1016.8,0.5,7.0,88,3.9,北東,6.4,北東,0,15:00,1006.4,1016.6,0.0,6.9,87,3.5,北東,6.2,北東,0,15:10,1006.2,1016.4,0.0,6.8,88,4.3,北東,6.8,東北東,0,15:20,1006.2,1016.4,0.0,6.8,88,4.0,東北東,7.5,東北東,0,15:30,1006.1,1016.3,0.0,6.8,87,3.4,北東,5.6,北北東,0,15:40,1005.8,1016.0,0.0,6.8,87,3.4,北東,5.9,東北東,0,15:50,1005.9,1016.1,0.0,7.0,87,4.9,北北東,8.2,北北東,0,16:00,1005.7,1015.9,0.0,6.9,83,4.1,北北東,7.4,北北東,0,16:10,1005.6,1015.8,0.0,7.0,84,4.1,北北東,8.3,北東,0,16:20,1005.4,1015.6,0.0,6.9,83,3.7,北北東,6.9,北東,0,16:30,1005.3,1015.5,0.0,6.8,83,4.3,北東,7.4,北東,0,16:40,1005.2,1015.4,0.5,6.8,83,3.7,北北東,5.9,北東,0,16:50,1005.2,1015.4,0.0,6.9,85,3.9,北東,7.6,北東,0,17:00,1005.3,1015.5,0.0,6.8,86,2.5,北東,4.3,北東,0,17:10,1005.5,1015.7,0.5,6.8,86,3.7,東北東,6.5,北北東,0,17:20,1005.6,1015.8,0.0,6.8,86,3.7,東北東,6.5,北北東,0,17:30,1005.5,1015.7,0.5,6.7,87,3.7,東北東,7.1,東北東,0,17:40,1005.5,1015.7,0.0,6.5,88,3.7,東北東,5.9,北東,0,17:50,1005.3,1015.5,0.5,6.4,88,4.2,東北東,6.7,北東,0,18:00,1005.5,1015.7,0.5,6.3,88,4.2,東北東,7.0,北東,0,18:10,1005.4,1015.6,0.5,6.2,88,3.6,北東,6.9,東北東,0,18:20,1005.4,1015.6,0.5,6.1,89,4.0,東北東,7.5,東北東,0,18:30,1005.4,1015.6,0.0,5.9,89,2.9,東北東,5.7,東北東,18:40,1005.3,1015.5,0.5,5.9,89,3.9,東北東,6.8,北東,18:50,1005.2,1015.4,0.0,6.0,90,3.9,東北東,5.8,東,19:00,1005.2,1015.4,0.5,5.9,90,3.1,北東,5.3,北東,19:10,1005.4,1015.6,0.0,6.0,90,3.6,東北東,6.1,北東,19:20,1005.2,1015.4,0.0,6.1,89,3.9,東北東,5.8,北東,19:30,1005.3,1015.5,0.5,6.0,89,4.5,東北東,6.6,東北東,19:40,1005.2,1015.4,0.0,5.9,91,4.0,東北東,6.3,東北東,19:50,1005.1,1015.3,0.0,5.9,90,3.1,北東,5.3,北東,20:00,1005.1,1015.3,0.0,6.0,91,2.9,北東,5.6,東北東,20:10,1005.0,1015.2,0.0,5.9,92,3.5,北東,6.0,東北東,20:20,1004.8,1015.0,0.0,5.9,92,3.3,北東,6.1,東北東,20:30,1004.7,1014.9,0.0,6.1,92,3.4,北東,5.9,東北東,20:40,1004.6,1014.8,0.0,6.0,91,3.0,北東,5.2,北東,20:50,1004.5,1014.7,0.0,6.0,91,2.7,北東,4.9,東北東,21:00,1004.4,1014.6,0.0,6.1,91,2.9,北東,5.5,北東,21:10,1004.5,1014.7,0.0,6.0,91,3.2,北東,5.8,東北東,21:20,1004.4,1014.6,0.0,6.1,91,3.2,北東,5.5,東北東,21:30,1004.5,1014.7,0.5,6.1,91,3.6,北東,6.5,北東,21:40,1004.8,1015.0,0.0,6.1,90,2.5,北東,5.0,東北東,21:50,1004.9,1015.1,0.0,6.1,90,3.3,北東,6.4,北東,22:00,1004.8,1015.0,0.0,6.1,90,3.5,北東,5.8,北北東,22:10,1004.8,1015.0,0.0,6.0,90,3.0,北東,5.3,北東,22:20,1005.0,1015.2,0.0,5.9,91,2.6,北東,5.0,北北東,22:30,1005.0,1015.2,0.5,6.0,91,3.2,北北東,5.2,北東,22:40,1005.0,1015.2,0.0,5.9,91,2.7,北北東,4.9,北東,22:50,1004.8,1015.0,0.0,5.8,91,2.8,北北東,4.5,北,23:00,1004.9,1015.1,0.0,5.8,91,3.9,北東,6.8,北東,23:10,1005.1,1015.3,0.0,5.9,92,4.0,北北東,6.1,北北東,23:20,1004.9,1015.1,0.5,5.9,92,3.7,北北東,6.1,北東,23:30,1004.7,1014.9,0.0,5.8,92,3.4,北北東,6.7,北東,23:40,1004.8,1015.0,0.0,5.9,92,3.9,北北東,6.8,北北東,23:50,1004.2,1014.4,0.0,5.9,92,3.1,北北東,5.6,北東,24:00,1004.3,1014.5,0.0,6.0,93,3.5,北東,6.4,北東"
name,time
,"00:10,1010.3,1020.3,--,12.3,55,2.8,北北東,5.6,北北東,00:20,1010.2,1020.2,--,12.2,55,2.8,北北東,4.6,北北西,00:30,1010.2,1020.2,--,12.2,56,3.0,北北東,5.4,北東,00:40,1010.2,1020.2,--,12.1,56,2.5,北北東,4.4,北東,00:50,1010.2,1020.2,--,12.0,58,2.6,北北東,5.9,北北東,01:00,1010.1,1020.1,--,11.9,58,2.3,北東,4.0,北北東,01:10,1010.2,1020.2,--,11.9,59,1.8,北東,3.2,北東,01:20,1009.9,1019.9,--,11.7,60,2.8,北北東,4.6,北東,01:30,1009.8,1019.8,--,11.6,60,2.5,北北東,4.1,北北東,01:40,1009.9,1020.0,--,11.3,60,2.1,北東,3.5,北東,01:50,1009.9,1020.0,--,11.5,57,2.3,北北東,4.7,北北東,02:00,1009.8,1019.9,--,11.3,57,3.1,北北東,5.2,北北東,02:10,1009.6,1019.7,--,10.9,60,3.0,北北東,4.9,北,02:20,1009.5,1019.6,--,10.9,59,4.0,北北東,6.3,北,02:30,1009.4,1019.5,--,10.8,56,3.2,北北東,6.2,北東,02:40,1009.5,1019.6,--,10.6,57,3.1,北北東,5.6,北,02:50,1009.5,1019.6,--,10.4,58,2.9,北,4.8,北,03:00,1009.2,1019.3,--,10.4,58,2.8,北北東,5.3,北,03:10,1009.3,1019.4,--,10.4,58,2.6,北北東,5.0,北東,03:20,1009.1,1019.2,--,10.4,58,3.0,北北東,4.6,北北東,03:30,1009.3,1019.4,--,10.2,59,2.7,北北東,4.5,北北東,03:40,1009.3,1019.4,--,10.2,60,2.8,北,5.4,北,03:50,1009.3,1019.4,--,10.2,60,3.3,北北東,5.9,北北東,04:00,1009.1,1019.2,--,10.1,60,2.9,北北東,4.8,北北東,04:10,1009.3,1019.4,--,10.0,61,2.9,北北東,5.5,北北東,04:20,1009.5,1019.6,--,10.1,60,3.4,北北東,6.3,北北東,04:30,1009.4,1019.5,--,10.1,61,4.5,北北東,6.7,北北東,04:40,1009.5,1019.6,--,10.1,61,3.5,北北東,5.8,北,04:50,1009.7,1019.8,--,10.1,61,3.6,北北東,6.1,北北東,05:00,1009.6,1019.7,--,10.0,61,2.9,北北東,5.1,北北東,05:10,1009.5,1019.6,--,10.0,61,3.5,北北東,5.5,北北東,05:20,1009.4,1019.5,--,9.8,62,3.5,北北東,5.6,北,05:30,1009.3,1019.4,--,9.8,61,2.9,北北東,4.7,北,05:40,1009.4,1019.5,--,9.8,61,3.3,北北東,4.8,北北東,05:50,1009.3,1019.4,--,9.8,61,2.7,北北東,4.7,北北東,0,06:00,1009.1,1019.2,--,9.6,62,2.9,北東,4.8,北東,0,06:10,1009.1,1019.2,--,9.6,62,2.8,北北東,4.6,北,0,06:20,1009.4,1019.5,--,9.9,62,2.8,北北東,4.9,北北東,0,06:30,1009.2,1019.3,--,9.7,62,3.8,北東,5.5,北東,0,06:40,1009.1,1019.2,--,9.8,61,3.4,北北東,5.7,北北東,0,06:50,1009.0,1019.1,--,9.7,61,3.2,北北東,5.4,北,0,07:00,1009.0,1019.1,--,9.8,61,3.6,北北東,5.6,北北東,0,07:10,1009.0,1019.1,--,9.8,61,3.0,北北東,5.3,北北東,0,07:20,1008.7,1018.8,--,9.7,60,3.3,北北東,5.2,北東,0,07:30,1008.5,1018.6,--,9.8,61,3.3,北北東,4.8,北北東,0,07:40,1008.4,1018.5,--,9.8,60,3.9,北北東,5.9,北北東,0,07:50,1008.1,1018.2,--,9.7,60,4.0,北北東,6.4,北北東,0,08:00,1007.8,1017.9,--,9.9,60,4.0,北北東,6.3,北北東,0,08:10,1007.6,1017.7,--,10.0,59,3.8,北北東,7.1,北北東,0,08:20,1007.5,1017.6,--,10.0,58,4.4,北北東,6.7,北東,0,08:30,1007.5,1017.6,--,10.0,58,3.7,北東,6.7,北北東,0,08:40,1007.5,1017.6,--,10.2,58,3.1,北東,6.3,北,0,08:50,1007.6,1017.7,--,10.1,58,3.2,北東,5.5,北北東,0,09:00,1007.5,1017.6,--,10.3,57,4.3,北東,7.4,北北東,0,09:10,1007.8,1017.9,--,10.3,56,3.6,北東,6.2,北,0,09:20,1007.9,1018.0,--,10.3,55,3.9,北北東,6.9,北北東,0,09:30,1007.9,1018.0,--,10.4,55,3.9,北東,6.8,北東,0,09:40,1008.0,1018.1,--,10.5,54,3.7,北東,6.6,北東,0,09:50,1008.0,1018.1,--,10.8,54,3.5,北東,7.0,北北東,0,10:00,1007.7,1017.7,--,11.3,54,5.7,北東,9.1,北東,0,10:10,1007.7,1017.7,--,11.3,54,5.2,北東,8.2,北東,0,10:20,1007.7,1017.8,--,10.9,53,3.9,北北東,6.7,北北東,0,10:30,1007.7,1017.8,--,10.9,53,4.2,北北東,6.6,北北東,0,10:40,1007.6,1017.6,--,11.1,49,3.0,北北東,5.0,北,0,10:50,1007.4,1017.4,--,11.2,48,4.5,北北東,7.2,北東,0,11:00,1007.4,1017.4,--,11.1,49,5.1,北北東,8.3,北北東,0,11:10,1007.6,1017.6,0.0,11.2,54,4.0,北北東,7.7,北北東,0,11:20,1008.1,1018.2,0.0,10.2,62,4.4,北北東,8.5,北北東,0,11:30,1007.8,1017.9,0.0,9.5,69,4.3,北北東,6.8,北北東,0,11:40,1007.7,1017.8,0.0,9.5,69,2.9,北東,5.2,北北東,0,11:50,1007.2,1017.3,0.5,9.3,75,2.9,北東,5.1,北北東,0,12:00,1007.2,1017.3,0.0,9.1,75,3.1,北東,5.6,北東,0,12:10,1007.3,1017.4,0.0,8.9,77,3.1,北北東,6.7,北北東,0,12:20,1007.1,1017.2,0.5,8.7,82,3.5,北北東,5.9,北北東,0,12:30,1007.4,1017.5,0.5,8.4,81,4.0,北北東,6.4,北,0,12:40,1007.5,1017.6,0.5,8.4,83,3.8,北北東,5.9,北北東,0,12:50,1007.3,1017.4,0.5,8.3,83,3.6,北北東,6.7,北北東,0,13:00,1007.5,1017.7,1.0,8.1,83,3.5,北北東,6.7,北,0,13:10,1007.4,1017.6,1.0,7.7,85,3.5,北北東,5.7,北東,0,13:20,1007.5,1017.7,0.5,7.4,86,3.6,北北東,8.3,北北東,0,13:30,1007.6,1017.8,1.0,7.7,88,5.1,北北東,8.3,北北東,0,13:40,1007.8,1018.0,0.5,7.2,85,5.3,北北東,8.8,北,0,13:50,1007.6,1017.8,0.5,7.0,86,3.6,北北東,6.4,北北東,0,14:00,1007.3,1017.5,0.5,6.7,84,4.0,北北東,7.3,北北東,0,14:10,1007.3,1017.5,0.5,6.7,85,3.6,北北東,6.1,北北東,0,14:20,1007.0,1017.2,0.5,6.7,86,3.3,北北東,6.8,北北東,0,14:30,1007.0,1017.2,0.5,6.9,88,3.8,北北東,6.8,北北東,0,14:40,1006.9,1017.1,0.0,6.8,88,3.7,東北東,7.7,東北東,0,14:50,1006.6,1016.8,0.5,7.0,88,3.9,北東,6.4,北東,0,15:00,1006.4,1016.6,0.0,6.9,87,3.5,北東,6.2,北東,0,15:10,1006.2,1016.4,0.0,6.8,88,4.3,北東,6.8,東北東,0,15:20,1006.2,1016.4,0.0,6.8,88,4.0,東北東,7.5,東北東,0,15:30,1006.1,1016.3,0.0,6.8,87,3.4,北東,5.6,北北東,0,15:40,1005.8,1016.0,0.0,6.8,87,3.4,北東,5.9,東北東,0,15:50,1005.9,1016.1,0.0,7.0,87,4.9,北北東,8.2,北北東,0,16:00,1005.7,1015.9,0.0,6.9,83,4.1,北北東,7.4,北北東,0,16:10,1005.6,1015.8,0.0,7.0,84,4.1,北北東,8.3,北東,0,16:20,1005.4,1015.6,0.0,6.9,83,3.7,北北東,6.9,北東,0,16:30,1005.3,1015.5,0.0,6.8,83,4.3,北東,7.4,北東,0,16:40,1005.2,1015.4,0.5,6.8,83,3.7,北北東,5.9,北東,0,16:50,1005.2,1015.4,0.0,6.9,85,3.9,北東,7.6,北東,0,17:00,1005.3,1015.5,0.0,6.8,86,2.5,北東,4.3,北東,0,17:10,1005.5,1015.7,0.5,6.8,86,3.7,東北東,6.5,北北東,0,17:20,1005.6,1015.8,0.0,6.8,86,3.7,東北東,6.5,北北東,0,17:30,1005.5,1015.7,0.5,6.7,87,3.7,東北東,7.1,東北東,0,17:40,1005.5,1015.7,0.0,6.5,88,3.7,東北東,5.9,北東,0,17:50,1005.3,1015.5,0.5,6.4,88,4.2,東北東,6.7,北東,0,18:00,1005.5,1015.7,0.5,6.3,88,4.2,東北東,7.0,北東,0,18:10,1005.4,1015.6,0.5,6.2,88,3.6,北東,6.9,東北東,0,18:20,1005.4,1015.6,0.5,6.1,89,4.0,東北東,7.5,東北東,0,18:30,1005.4,1015.6,0.0,5.9,89,2.9,東北東,5.7,東北東,18:40,1005.3,1015.5,0.5,5.9,89,3.9,東北東,6.8,北東,18:50,1005.2,1015.4,0.0,6.0,90,3.9,東北東,5.8,東,19:00,1005.2,1015.4,0.5,5.9,90,3.1,北東,5.3,北東,19:10,1005.4,1015.6,0.0,6.0,90,3.6,東北東,6.1,北東,19:20,1005.2,1015.4,0.0,6.1,89,3.9,東北東,5.8,北東,19:30,1005.3,1015.5,0.5,6.0,89,4.5,東北東,6.6,東北東,19:40,1005.2,1015.4,0.0,5.9,91,4.0,東北東,6.3,東北東,19:50,1005.1,1015.3,0.0,5.9,90,3.1,北東,5.3,北東,20:00,1005.1,1015.3,0.0,6.0,91,2.9,北東,5.6,東北東,20:10,1005.0,1015.2,0.0,5.9,92,3.5,北東,6.0,東北東,20:20,1004.8,1015.0,0.0,5.9,92,3.3,北東,6.1,東北東,20:30,1004.7,1014.9,0.0,6.1,92,3.4,北東,5.9,東北東,20:40,1004.6,1014.8,0.0,6.0,91,3.0,北東,5.2,北東,20:50,1004.5,1014.7,0.0,6.0,91,2.7,北東,4.9,東北東,21:00,1004.4,1014.6,0.0,6.1,91,2.9,北東,5.5,北東,21:10,1004.5,1014.7,0.0,6.0,91,3.2,北東,5.8,東北東,21:20,1004.4,1014.6,0.0,6.1,91,3.2,北東,5.5,東北東,21:30,1004.5,1014.7,0.5,6.1,91,3.6,北東,6.5,北東,21:40,1004.8,1015.0,0.0,6.1,90,2.5,北東,5.0,東北東,21:50,1004.9,1015.1,0.0,6.1,90,3.3,北東,6.4,北東,22:00,1004.8,1015.0,0.0,6.1,90,3.5,北東,5.8,北北東,22:10,1004.8,1015.0,0.0,6.0,90,3.0,北東,5.3,北東,22:20,1005.0,1015.2,0.0,5.9,91,2.6,北東,5.0,北北東,22:30,1005.0,1015.2,0.5,6.0,91,3.2,北北東,5.2,北東,22:40,1005.0,1015.2,0.0,5.9,91,2.7,北北東,4.9,北東,22:50,1004.8,1015.0,0.0,5.8,91,2.8,北北東,4.5,北,23:00,1004.9,1015.1,0.0,5.8,91,3.9,北東,6.8,北東,23:10,1005.1,1015.3,0.0,5.9,92,4.0,北北東,6.1,北北東,23:20,1004.9,1015.1,0.5,5.9,92,3.7,北北東,6.1,北東,23:30,1004.7,1014.9,0.0,5.8,92,3.4,北北東,6.7,北東,23:40,1004.8,1015.0,0.0,5.9,92,3.9,北北東,6.8,北北東,23:50,1004.2,1014.4,0.0,5.9,92,3.1,北北東,5.6,北東,24:00,1004.3,1014.5,0.0,6.0,93,3.5,北東,6.4,北東"
